AlertMaster	Alerts/AlertMaster.cs
AlertMusic	Alerts/AlertMaster.cs
AlertMessageFullUi	Alerts/AlertMessageFullUi.xaml.cs
AlertMessageManager	Alerts/AlertMessageManager.cs
AlertMessageSimpleUi	Alerts/AlertMessageSimpleUi.xaml.cs
AlertSignal	Alerts/AlertSignal.cs
SignalType	Alerts/AlertSignal.cs
AlertToChart	Alerts/AlertToChart.cs
ChartAlertType	Alerts/AlertToChart.cs
ChartAlertLine	Alerts/AlertToChart.cs
AlertToChartCreateUi	Alerts/AlertToChartCreateUi.xaml.cs
AlertToPrice	Alerts/AlertToPrice.cs
PriceAlertTypeActivation	Alerts/AlertToPrice.cs
AlertToPriceCreateUi	Alerts/AlertToPriceCreateUi.xaml.cs
IIAlert	Alerts/IIAlert.cs
AlertType	Alerts/IIAlert.cs
AlertSlippageType	Alerts/IIAlert.cs
App	App.xaml.cs
LocalExtensions	App.xaml.cs
AttributeInitializer	Attributes/AttributeInitializer.cs
ComponentType	Attributes/AttributeInitializer.cs
AttributeMember	Attributes/AttributeInitializer.cs
ParameterElementAttribute	Attributes/ParameterElementAttribute.cs
ButtonAttribute	Attributes/Types/ButtonAttribute.cs
LabelAttribute	Attributes/Types/LabelAttribute.cs
ParameterAttribute	Attributes/Types/ParameterAttribute.cs
Candle	Candles/Candle.cs
CandleState	Candles/Candle.cs
CandleConverter	Candles/CandleConverter.cs
CandleManager	Candles/CandleManager.cs
CandleSeries	Candles/CandleSeries.cs
CandleMarketDataType	Candles/CandleSeries.cs
CandleCreateMethodType	Candles/CandleSeries.cs
CandleSeriesAsyncStarter	Candles/CandleSeriesAsyncStarter.cs
CandleFactory	Candles/Factory/CandleFactory.cs
MetadataReferenceComparer	Candles/Factory/CandleFactory.cs
CandleAttribute	Candles/Factory/CandleFactory.cs
NamesFilesFromFolder	Candles/Factory/CandleFactory.cs
ICandleSeriesParameter	Candles/Factory/CandleSeriesParameter.cs
CandlesParameterInt	Candles/Factory/CandleSeriesParameter.cs
CandlesParameterDecimal	Candles/Factory/CandleSeriesParameter.cs
CandlesParameterBool	Candles/Factory/CandleSeriesParameter.cs
CandlesParameterString	Candles/Factory/CandleSeriesParameter.cs
CandlesParameterType	Candles/Factory/CandleSeriesParameter.cs
ACandlesSeriesRealization	Candles/Series/ACandlesSeriesRealization.cs
CandleSeriesState	Candles/Series/ACandlesSeriesRealization.cs
Delta	Candles/Series/Delta.cs
DeltaAdaptive	Candles/Series/DeltaAdaptive.cs
HeikenAshi	Candles/Series/HeikenAshi.cs
Range	Candles/Series/Range.cs
RangeVolatilityAdaptive	Candles/Series/RangeVolatilityAdaptive.cs
Revers	Candles/Series/Revers.cs
ReversVolatilityAdaptive	Candles/Series/ReversVolatilityAdaptive.cs
Simple	Candles/Series/Simple.cs
Tick	Candles/Series/Tick.cs
TickAdaptive	Candles/Series/TickAdaptive.cs
TimeShiftCandle	Candles/Series/TimeShiftCandle.cs
TimeSpanCandle	Candles/Series/TimeSpanCandle.cs
VolumeAdaptive	Candles/Series/VolumeAdaptive.cs
TimeFrameBuilder	Candles/TimeFrameBuilder.cs
TimeFrame	Candles/TimeFrameBuilder.cs
CandleChartUi	Charts/CandleChart/CandleChartUi.xaml.cs
ChartCandleMaster	Charts/CandleChart/ChartCandleMaster.cs
Circle	Charts/CandleChart/Elements/Circle.cs
IChartElement	Charts/CandleChart/Elements/IChartElement.cs
Line	Charts/CandleChart/Elements/Line.cs
LineHorisontal	Charts/CandleChart/Elements/LineHorisontal.cs
PointElement	Charts/CandleChart/Elements/PointElement.cs
RectangleElement	Charts/CandleChart/Elements/RectangleElement.cs
IChartPainter	Charts/CandleChart/IChartPainter.cs
ChartClickType	Charts/CandleChart/IChartPainter.cs
Ac	Charts/CandleChart/Indicators/Ac.cs
AccumulationDistribution	Charts/CandleChart/Indicators/AccumulationDistribution.cs
AccumulationDistributionUi	Charts/CandleChart/Indicators/AccumulationDistributionUi.xaml.cs
AcUi	Charts/CandleChart/Indicators/AcUi.xaml.cs
AdaptiveLookBack	Charts/CandleChart/Indicators/AdaptiveLookBack.cs
AdaptiveLookBackUi	Charts/CandleChart/Indicators/AdaptiveLookBackUi.xaml.cs
Adx	Charts/CandleChart/Indicators/Adx.cs
AdxType	Charts/CandleChart/Indicators/Adx.cs
AdxUi	Charts/CandleChart/Indicators/AdxUi.xaml.cs
Alligator	Charts/CandleChart/Indicators/Alligator.cs
AlligatorUi	Charts/CandleChart/Indicators/AlligatorUi.xaml.cs
Atr	Charts/CandleChart/Indicators/Atr.cs
AtrChannel	Charts/CandleChart/Indicators/AtrChannel.cs
AtrChannelUi	Charts/CandleChart/Indicators/AtrChannelUi.xaml.cs
AtrUi	Charts/CandleChart/Indicators/AtrUi.xaml.cs
AwesomeOscillator	Charts/CandleChart/Indicators/AwesomeOscillator.cs
AwesomeOscillatorUi	Charts/CandleChart/Indicators/AwesomeOscillatorUi.xaml.cs
BearsPower	Charts/CandleChart/Indicators/BearsPower.cs
BearsPowerUi	Charts/CandleChart/Indicators/BearsPowerUi.xaml.cs
BfMfi	Charts/CandleChart/Indicators/BfMfi.cs
BfMfiUi	Charts/CandleChart/Indicators/BfMfiUi.xaml.cs
Bollinger	Charts/CandleChart/Indicators/Bollinger.cs
BollingerUi	Charts/CandleChart/Indicators/BollingerUi.xaml.cs
BullsPower	Charts/CandleChart/Indicators/BullsPower.cs
BullsPowerUi	Charts/CandleChart/Indicators/BullsPowerUi.xaml.cs
Cci	Charts/CandleChart/Indicators/CCI.cs
CciUi	Charts/CandleChart/Indicators/CCIUi.xaml.cs
Cmo	Charts/CandleChart/Indicators/Cmo.cs
CmoUi	Charts/CandleChart/Indicators/CmoUi.xaml.cs
DonchianChannel	Charts/CandleChart/Indicators/DonchianChannel.cs
DonchianChannelUi	Charts/CandleChart/Indicators/DonchianChannelUi.xaml.cs
DynamicTrendDetector	Charts/CandleChart/Indicators/DynamicTrendDetector.cs
DynamicTrendDetectorUi	Charts/CandleChart/Indicators/DynamicTrendDetectorUi.xaml.cs
EfficiencyRatio	Charts/CandleChart/Indicators/EfficiencyRatio.cs
EfficiencyRatioUi	Charts/CandleChart/Indicators/EfficiencyRatioUi.xaml.cs
Envelops	Charts/CandleChart/Indicators/Envelops.cs
EnvelopsUi	Charts/CandleChart/Indicators/EnvelopsUi.xaml.cs
ForceIndex	Charts/CandleChart/Indicators/ForceIndex.cs
ForceIndexUi	Charts/CandleChart/Indicators/ForceIndexUi.xaml.cs
Fractal	Charts/CandleChart/Indicators/Fractail.cs
FractalUi	Charts/CandleChart/Indicators/FractalUi.xaml.cs
IndicatorCreateUi	Charts/CandleChart/Indicators/IndicarotCreateUi.xaml.cs
Ichimoku	Charts/CandleChart/Indicators/Ishimoku.cs
IshimokuUi	Charts/CandleChart/Indicators/IshimokuUi.xaml.cs
IvashovRange	Charts/CandleChart/Indicators/IvashovRange.cs
IvashovRangeUi	Charts/CandleChart/Indicators/IvashovRangeUi.xaml.cs
KalmanFilter	Charts/CandleChart/Indicators/KalmanFilter.cs
KalmanFilterUi	Charts/CandleChart/Indicators/KalmanFilterUi.xaml.cs
Line	Charts/CandleChart/Indicators/Line.cs
LinearRegressionCurve	Charts/CandleChart/Indicators/LinearRegressionCurve.cs
LinearRegressionCurveUi	Charts/CandleChart/Indicators/LinearRegressionCurveUi.xaml.cs
MacdHistogram	Charts/CandleChart/Indicators/MacdHistogram.cs
MacdHistogramUi	Charts/CandleChart/Indicators/MacdHistogramUi.xaml.cs
MacdLine	Charts/CandleChart/Indicators/MacdLine.cs
MacdLineUi	Charts/CandleChart/Indicators/MacdLineUi.xaml.cs
Momentum	Charts/CandleChart/Indicators/Momentum.cs
MomentumUi	Charts/CandleChart/Indicators/MomentumUi.xaml.cs
MoneyFlowIndex	Charts/CandleChart/Indicators/MoneyFlowIndex.cs
MoneyFlowIndexUi	Charts/CandleChart/Indicators/MoneyFlowIndexUi.xaml.cs
MovingAverageTypeCalculation	Charts/CandleChart/Indicators/MovingAverage.cs
PriceTypePoints	Charts/CandleChart/Indicators/MovingAverage.cs
MovingAverage	Charts/CandleChart/Indicators/MovingAverage.cs
MovingAverageUi	Charts/CandleChart/Indicators/MovingAverageUi.xaml.cs
OnBalanceVolume	Charts/CandleChart/Indicators/OnBalanceVolume.cs
OnBalanceVolumeUi	Charts/CandleChart/Indicators/OnBalanceVolumeUi.xaml.cs
ParabolicSaR	Charts/CandleChart/Indicators/ParabolicSAR.cs
ParabolicSarUi	Charts/CandleChart/Indicators/ParabolicSARUi.xaml.cs
Pivot	Charts/CandleChart/Indicators/Pivot.cs
PivotPoints	Charts/CandleChart/Indicators/PivotPoints.cs
PivotPointsUi	Charts/CandleChart/Indicators/PivotPointsUi.xaml.cs
PivotUi	Charts/CandleChart/Indicators/PivotUi.xaml.cs
PriceChannel	Charts/CandleChart/Indicators/PriceChannel.cs
PriceChannelUi	Charts/CandleChart/Indicators/PriceChannelUi.xaml.cs
PriceOscillatorSerchType	Charts/CandleChart/Indicators/PriceOscillator.cs
PriceOscillator	Charts/CandleChart/Indicators/PriceOscillator.cs
PriceOscillatorUi	Charts/CandleChart/Indicators/PriceOscillatorUi.xaml.cs
Roc	Charts/CandleChart/Indicators/Roc.cs
RocUi	Charts/CandleChart/Indicators/RocUi.xaml.cs
Rsi	Charts/CandleChart/Indicators/Rsi.cs
RsiUi	Charts/CandleChart/Indicators/RsiUi.xaml.cs
Rvi	Charts/CandleChart/Indicators/Rvi.cs
RviUi	Charts/CandleChart/Indicators/RviUi.xaml.cs
SimpleVWAP	Charts/CandleChart/Indicators/SimpleVWAP.cs
SimpleVWAPUi	Charts/CandleChart/Indicators/SimpleVWAPUi.xaml.cs
StandardDeviationTypePoints	Charts/CandleChart/Indicators/StandardDeviation.cs
StandardDeviation	Charts/CandleChart/Indicators/StandardDeviation.cs
StandardDeviationUi	Charts/CandleChart/Indicators/StandardDeviationUi.xaml.cs
StochasticOscillator	Charts/CandleChart/Indicators/StochasticOscillator.cs
StochasticOscillatorUi	Charts/CandleChart/Indicators/StochasticOscillatorUi.xaml.cs
StochRsi	Charts/CandleChart/Indicators/StochRsi.cs
StochRsiUi	Charts/CandleChart/Indicators/StochRsiUi.xaml.cs
TickVolume	Charts/CandleChart/Indicators/TickVolume.cs
TickVolumeUi	Charts/CandleChart/Indicators/TickVolumeUi.xaml.cs
TradeThread	Charts/CandleChart/Indicators/TradeThread.cs
Trix	Charts/CandleChart/Indicators/Trix.cs
TrixUi	Charts/CandleChart/Indicators/TrixUi.xaml.cs
UltimateOscillator	Charts/CandleChart/Indicators/UltimateOscillator.cs
UltimateOscillatorUi	Charts/CandleChart/Indicators/UltimateOscillatorUi.xaml.cs
VerticalHorizontalFilter	Charts/CandleChart/Indicators/VerticalHorizontalFilter.cs
VerticalHorizontalFilterUi	Charts/CandleChart/Indicators/VerticalHorizontalFilterUi.xaml.cs
Volume	Charts/CandleChart/Indicators/Volume.cs
VolumeOscillator	Charts/CandleChart/Indicators/VolumeOscillator.cs
VolumeOscillatorUi	Charts/CandleChart/Indicators/VolumeOscillatorUi.xaml.cs
VolumeUi	Charts/CandleChart/Indicators/VolumeUi.xaml.cs
Vwap	Charts/CandleChart/Indicators/VWAP.cs
VwapUi	Charts/CandleChart/Indicators/VwapUi.xaml.cs
WilliamsRange	Charts/CandleChart/Indicators/WilliamsRange.cs
WilliamsRangeUi	Charts/CandleChart/Indicators/WilliamsRangeUi.xaml.cs
WinFormsChartPainter	Charts/CandleChart/WinFormsChartPainter.cs
WindowCoordinate	Charts/CandleChart/WinFormsChartPainter.cs
ChartYLabels	Charts/CandleChart/WinFormsChartPainter.cs
ChartAreaSizes	Charts/CandleChart/WinFormsChartPainter.cs
SeriesYLength	Charts/CandleChart/WinFormsChartPainter.cs
TimeAxisXPoint	Charts/CandleChart/WinFormsChartPainter.cs
ChartAreaPosition	Charts/CandleChart/WinFormsChartPainter.cs
ChartClusterMaster	Charts/ClusterChart/ChartClusterMaster.cs
ChartClusterPainter	Charts/ClusterChart/ChartClusterPainter.cs
ChartMasterColorKeeper	Charts/ColorKeeper/ChartMasterColorKeeper.cs
PointType	Charts/ColorKeeper/ChartMasterColorKeeper.cs
ChartColorScheme	Charts/ColorKeeper/ChartMasterColorKeeper.cs
ChartPositionTradeSize	Charts/ColorKeeper/ChartMasterColorKeeper.cs
Extensions	Charts/Extensions.cs
AcceptDialogUi	Entity/AcceptDialogUi.xaml.cs
AwaitObject	Entity/AwaitObject.cs
AwaitUi	Entity/AwaitUi.xaml.cs
CointegrationBuilder	Entity/CointegrationBuilder.cs
CointegrationLineSide	Entity/CointegrationBuilder.cs
ColorCustomDialog	Entity/ColorCustomDialog.xaml.cs
CorrelationBuilder	Entity/CorrelationBuilder.cs
PairIndicatorValue	Entity/CorrelationBuilder.cs
CustomMessageBoxUi	Entity/CustomMessageBoxUi.xaml.cs
DataGridFactory	Entity/DataGridFactory.cs
DoubleBufferedDataGridView	Entity/DataGridFactory.cs
DateTimeSelectionDialog	Entity/DateTimeSelectionDialog.xaml.cs
DividendInfo	Entity/DividendInfo.cs
Extensions	Entity/Extensions.cs
DateTimeParseHelper	Entity/Extensions.cs
Funding	Entity/Funding.cs
HorizontalVolume	Entity/HorizontalVolume.cs
HorizontalVolumeCluster	Entity/HorizontalVolume.cs
HorizontalVolumeLine	Entity/HorizontalVolume.cs
ListTableSumm	Entity/MarginTaxTables.cs
TypeValueTableSumm	Entity/MarginTaxTables.cs
ListTablePeriods	Entity/MarginTaxTables.cs
ChargeInfo	Entity/MarginTaxTables.cs
MarketDepth	Entity/MarketDepth.cs
MarketDepthLevel	Entity/MarketDepth.cs
MarketDepthPainter	Entity/MarketDepthPainter.cs
MarketDepthLoadRegime	Entity/MarketDepthPainter.cs
MyTrade	Entity/MyTrade.cs
News	Entity/News.cs
NonTradePeriods	Entity/NonTradePeriods.cs
NonTradePeriodInDay	Entity/NonTradePeriods.cs
NonTradePeriodsUi	Entity/NonTradePeriodsUi.xaml.cs
NonTradeChartElement	Entity/NonTradePeriodsUi.xaml.cs
NumberGen	Entity/NumberGen.cs
OptionMarketData	Entity/OptionMarketData.cs
OptionMarketDataForConnector	Entity/OptionMarketData.cs
Order	Entity/Order.cs
OrderPriceType	Entity/Order.cs
OrderStateType	Entity/Order.cs
OrderPositionConditionType	Entity/Order.cs
OrderTypeTime	Entity/Order.cs
Portfolio	Entity/Portfolio.cs
Position	Entity/Position.cs
PositionOpenType	Entity/Position.cs
PositionStateType	Entity/Position.cs
Side	Entity/Position.cs
CommissionType	Entity/Position.cs
PositionOnBoard	Entity/PositionOnBoard.cs
PositionOpenerToStopLimit	Entity/PositionOpenerToStop.cs
StopActivateType	Entity/PositionOpenerToStop.cs
PositionOpenerToStopLifeTimeType	Entity/PositionOpenerToStop.cs
PositionUi	Entity/PositionUi.xaml.cs
SecuritiesUi	Entity/SecuritiesUi.xaml.cs
Security	Entity/Security.cs
MinTradeAmountType	Entity/Security.cs
SecurityStateType	Entity/Security.cs
SecurityType	Entity/Security.cs
OptionType	Entity/Security.cs
SecurityUi	Entity/SecurityUi.xaml.cs
SecurityVolumes	Entity/SecurityVolumes.cs
SetLeverageUi	Entity/SetLeverageUi.xaml.cs
SecurityLeverageData	Entity/SetLeverageUi.xaml.cs
StartProgram	Entity/StartProgram.cs
IIStrategyParameter	Entity/StrategyParameter.cs
StrategyParameterLabel	Entity/StrategyParameter.cs
StrategyParameterInt	Entity/StrategyParameter.cs
StrategyParameterDecimal	Entity/StrategyParameter.cs
StrategyParameterBool	Entity/StrategyParameter.cs
StrategyParameterString	Entity/StrategyParameter.cs
StrategyParameterTimeOfDay	Entity/StrategyParameter.cs
TimeOfDay	Entity/StrategyParameter.cs
StrategyParameterButton	Entity/StrategyParameter.cs
StrategyParameterCheckBox	Entity/StrategyParameter.cs
StrategyParameterDecimalCheckBox	Entity/StrategyParameter.cs
StrategyParameterType	Entity/StrategyParameter.cs
StrategyParameterStepType	Entity/StrategyParameter.cs
StrategyParametersUi	Entity/StrategyParametersUi.xaml.cs
ParamTabPainter	Entity/StrategyParametersUi.xaml.cs
Trade	Entity/Trade.cs
CompressionUtils	Entity/Utils/CompressionUtils.cs
VolatilityStageClusters	Entity/VolatilityStageClusters.cs
SourceVolatility	Entity/VolatilityStageClusters.cs
WebSocket	Entity/WebSocketOsEngine.cs
CloseEventArgs	Entity/WebSocketOsEngine.cs
MessageEventArgs	Entity/WebSocketOsEngine.cs
ErrorEventArgs	Entity/WebSocketOsEngine.cs
WebSocketState	Entity/WebSocketOsEngine.cs
AC	Indicators/AC.cs
Aindicator	Indicators/Aindicator.cs
IndicatorState	Indicators/Aindicator.cs
ParameterDigit	Indicators/Aindicator.cs
AindicatorCacheServer	Indicators/AindicatorCacheServer.cs
AindicatorCache	Indicators/AindicatorCacheServer.cs
AIndicatorUi	Indicators/AIndicatorUi.xaml.cs
EmptyIndicator	Indicators/EmptyIndicator.cs
Entity	Indicators/Entity.cs
CandlePointType	Indicators/Entity.cs
IIndicator	Indicators/IIndicator.cs
IndicatorChartPaintType	Indicators/IIndicator.cs
IndicatorAttribute	Indicators/IndicatorAttribute.cs
IndicatorDataSeries	Indicators/IndicatorDataSeries.cs
IndicatorParameter	Indicators/IndicatorParameter.cs
IndicatorParameterInt	Indicators/IndicatorParameter.cs
IndicatorParameterDecimal	Indicators/IndicatorParameter.cs
IndicatorParameterBool	Indicators/IndicatorParameter.cs
IndicatorParameterString	Indicators/IndicatorParameter.cs
IndicatorParameterType	Indicators/IndicatorParameter.cs
NamesFilesFromFolder	Indicators/IndicatorsFactory.cs
IndicatorsFactory	Indicators/IndicatorsFactory.cs
MetadataReferenceComparer	Indicators/IndicatorsFactory.cs
Sample1Blank	Indicators/Samples/Sample1Blank.cs
Sample2IndicatorParameters	Indicators/Samples/Sample2IndicatorParameters.cs
Sample3IndicatorDataSeries	Indicators/Samples/Sample3IndicatorDataSeries.cs
AccumulationDistribution	Indicators/Scripts/AccumulationDistribution.cs
AdaptiveLookBack	Indicators/Scripts/AdaptiveLookBack.cs
ADX	Indicators/Scripts/ADX.cs
Alligator	Indicators/Scripts/Alligator.cs
AO	Indicators/Scripts/AO.cs
Aroon	Indicators/Scripts/Aroon.cs
ATR	Indicators/Scripts/ATR.cs
Bollinger	Indicators/Scripts/Bollinger.cs
CCI	Indicators/Scripts/CCI.cs
ChaikinOsc	Indicators/Scripts/ChaikinOsc.cs
CMO	Indicators/Scripts/CMO.cs
COG_CentreOfGravity_Oscr	Indicators/Scripts/COG_CentreOfGravity_Oscr.cs
DeltaByCandles	Indicators/Scripts/DeltaByCandles.cs
DeMarker_DeM	Indicators/Scripts/DeMarker_DeM.cs
DPO_Detrended_Price_Oscillator	Indicators/Scripts/DPO_Detrended_Price_Oscillator.cs
EaseOfMovement	Indicators/Scripts/EaseOfMovement.cs
EaseOfMovement_Watcher	Indicators/Scripts/EaseOfMovement_Watcher.cs
EfficiencyRatio	Indicators/Scripts/EfficiencyRatio.cs
Ema	Indicators/Scripts/Ema.cs
Envelops	Indicators/Scripts/Envelops.cs
FBD	Indicators/Scripts/FBD.cs
ForceIndex	Indicators/Scripts/ForceIndex.cs
Fractal	Indicators/Scripts/Fractal.cs
HMA	Indicators/Scripts/HMA.cs
Ichimoku	Indicators/Scripts/Ichimoku.cs
IvashovRange	Indicators/Scripts/IvashovRange.cs
KalmanFilter	Indicators/Scripts/KalmanFilter.cs
KeltnerChannel	Indicators/Scripts/KeltnerChannel.cs
LastDayMiddle	Indicators/Scripts/LastDayMiddle.cs
LinearRegressionChannel	Indicators/Scripts/LinearRegressionChannel.cs
LinearRegressionChannelFast_Indicator	Indicators/Scripts/LinearRegressionChannelFast_Indicator.cs
LinearRegressionLine	Indicators/Scripts/LinearRegressionLine.cs
MACD	Indicators/Scripts/MACD.cs
MacdLine	Indicators/Scripts/MacdLine.cs
Mass_Index_MI	Indicators/Scripts/Mass_Index_MI.cs
MFI	Indicators/Scripts/MFI.cs
MinMaxPriceForecaster	Indicators/Scripts/MinMaxPriceForecaster.cs
MinMaxPriceForecasterBootstrap	Indicators/Scripts/MinMaxPriceForecasterBootstrap.cs
Momentum	Indicators/Scripts/Momentum.cs
NRTR	Indicators/Scripts/NRTR.cs
NRTR_WATR	Indicators/Scripts/NRTR_WATR.cs
OBV	Indicators/Scripts/OBV.cs
OffsetEma	Indicators/Scripts/OffsetEma.cs
OffsetSma	Indicators/Scripts/OffsetSma.cs
OffsetSsma	Indicators/Scripts/OffsetSsma.cs
OffsetVwma	Indicators/Scripts/OffsetVwma.cs
OpenInterest	Indicators/Scripts/OpenInterest.cs
OsMa	Indicators/Scripts/OsMa.cs
ParabolicBollinger_indicator	Indicators/Scripts/ParabolicBollinger_indicator.cs
ParabolicPriceChannel_indicator	Indicators/Scripts/ParabolicPriceChannel_indicator.cs
ParabolicSAR	Indicators/Scripts/ParabolicSAR.cs
PivotFloor	Indicators/Scripts/PivotFloor.cs
PriceChannel	Indicators/Scripts/PriceChannel.cs
PriceChannelAdaptive	Indicators/Scripts/PriceChannelAdaptive.cs
PriceChannelOffset	Indicators/Scripts/PriceChannelOffset.cs
QStick	Indicators/Scripts/QStick.cs
RAVI	Indicators/Scripts/RAVI.cs
ROC	Indicators/Scripts/ROC.cs
RSI	Indicators/Scripts/RSI.cs
RVI	Indicators/Scripts/RVI.cs
SampleCandleView	Indicators/Scripts/SampleCandleView.cs
Sma	Indicators/Scripts/Sma.cs
SmaChannel	Indicators/Scripts/SmaChannel.cs
SmaRestricted	Indicators/Scripts/SmaRestricted.cs
Ssma	Indicators/Scripts/Ssma.cs
StdDev	Indicators/Scripts/StdDev.cs
Stochastic	Indicators/Scripts/Stochastic.cs
StochasticMomentumIndex	Indicators/Scripts/StochasticMomentumIndex.cs
SuperTrend_indicator	Indicators/Scripts/SuperTrend_indicator.cs
Trix	Indicators/Scripts/Trix.cs
UltimateOscilator	Indicators/Scripts/UltimateOscilator.cs
VanGerchik_indicator	Indicators/Scripts/VanGerchik_indicator.cs
VHFilter	Indicators/Scripts/VHFilter.cs
VolatilityAverage	Indicators/Scripts/VolatilityAverage.cs
VolatilityAverageChannel	Indicators/Scripts/VolatilityAverageChannel.cs
VolatilityAverageTwice	Indicators/Scripts/VolatilityAverageTwice.cs
VolatilityBase	Indicators/Scripts/VolatilityBase.cs
VolatilityCandles	Indicators/Scripts/VolatilityCandles.cs
VolatilityStagesAW	Indicators/Scripts/VolatilityStagesAW.cs
Volume	Indicators/Scripts/Volume.cs
VolumeOscilator	Indicators/Scripts/VolumeOscilator.cs
VWMA	Indicators/Scripts/VWMA.cs
WilliamsRange	Indicators/Scripts/WilliamsRange.cs
ZigZag	Indicators/Scripts/ZigZag.cs
ZigZagAD	Indicators/Scripts/ZigZagAD.cs
ZigZagAO	Indicators/Scripts/ZigZagAO.cs
ZigZagAsi	Indicators/Scripts/ZigZagAsi.cs
ZigZagBP	Indicators/Scripts/ZigZagBP.cs
ZigZagCCI	Indicators/Scripts/ZigZagCCI.cs
ZigZagChaikin	Indicators/Scripts/ZigZagChaikin.cs
ZigZagChannel_indicator	Indicators/Scripts/ZigZagChannel_indicator.cs
ZigZagCMO	Indicators/Scripts/ZigZagCMO.cs
ZigZagFI	Indicators/Scripts/ZigZagFI.cs
ZigZagMACD	Indicators/Scripts/ZigZagMACD.cs
ZigZagMFI	Indicators/Scripts/ZigZagMFI.cs
ZigZagMomentum	Indicators/Scripts/ZigZagMomentum.cs
ZigZagOBV	Indicators/Scripts/ZigZagOBV.cs
ZigZagOsMa	Indicators/Scripts/ZigZagOsMa.cs
ZigZagROC	Indicators/Scripts/ZigZagROC.cs
ZigZagRsi	Indicators/Scripts/ZigZagRsi.cs
ZigZagRVI	Indicators/Scripts/ZigZagRVI.cs
ZigZagSMI	Indicators/Scripts/ZigZagSMI.cs
ZigZagStochastic	Indicators/Scripts/ZigZagStochastic.cs
ZigZagTrix	Indicators/Scripts/ZigZagTrix.cs
ZigZagUltimate	Indicators/Scripts/ZigZagUltimate.cs
ZigZagVolume	Indicators/Scripts/ZigZagVolume.cs
ZZBullsPower	Indicators/Scripts/ZZBullsPower.cs
ScriptSpells	Indicators/ScriptSpells.cs
AutoFollowInstructions	Instructions/AutoFollowInstructions.cs
BotStationLightInstructions	Instructions/BotStationLightInstructions.cs
ClusterInstructions	Instructions/ClusterInstructions.cs
ConverterInstructions	Instructions/ConverterInstructions.cs
GridInstructions	Instructions/GridInstructions.cs
IndexInstructions	Instructions/IndexInstructions.cs
Instruction	Instructions/Instruction.cs
InstructionType	Instructions/Instruction.cs
InstructionLocalized	Instructions/Instruction.cs
InstructionsUi	Instructions/InstructionsUi.xaml.cs
InteractiveInstructions	Instructions/InteractiveInstructions.cs
Journal2Instructions	Instructions/Journal2Instructions.cs
MainMenuInstructions	Instructions/MainMenuInstructions.cs
MessageSenderInstructions	Instructions/MessageSenderInstructions.cs
OptimizerInstructions	Instructions/OptimizerInstructions.cs
OsDataInstructions	Instructions/OsDataInstructions.cs
PairInstructions	Instructions/PairInstructions.cs
PolygonInstructions	Instructions/PolygonInstructions.cs
PositionComparisonInstructions	Instructions/PositionComparisonInstructions.cs
ScreenerInstructions	Instructions/ScreenerInstructions.cs
ServerParameterInstructions	Instructions/ServerParameterInstructions.cs
StrategyParameterInstructions	Instructions/StrategyParameterInstructions.cs
TesterLightInstructions	Instructions/TesterLightInstructions.cs
PositionStatisticGenerator	Journal/Internal/DealStatisticGenerator.cs
PositionController	Journal/Internal/PositionController.cs
SortedMode	Journal/Internal/PositionController.cs
Journal	Journal/Journal.cs
JournalUi	Journal/JournalUi.xaml.cs
CustomDataGridViewCell	Journal/JournalUi.xaml.cs
VolumeSecurity	Journal/JournalUi.xaml.cs
JournalUi2	Journal/JournalUi2.xaml.cs
SortedMode	Journal/JournalUi2.xaml.cs
BotTabJournal	Journal/JournalUi2.xaml.cs
BotPanelJournal	Journal/JournalUi2.xaml.cs
PanelGroups	Journal/JournalUi2.xaml.cs
SecurityToPaint	Journal/JournalUi2.xaml.cs
NewGroupAddInJournalUi	Journal/NewGroupAddInJournalUi.xaml.cs
AlertsLocal	Language/AlertsLocal.cs
ChartsLocal	Language/ChartsLocal.cs
ConverterLocal	Language/ConverterLocal.cs
DataLocal	Language/DataLocal.cs
DescriptionRobotsLocal	Language/DescriptionRobotsLocal.cs
EntityLocal	Language/EntityLocal.cs
HintMessage	Language/HintMessage.cs
JournalLocal	Language/JournalLocal.cs
LoggingLocal	Language/LoggingLocal.cs
MainWindowLocal	Language/MainWIndowLocal.cs
MarketLocal	Language/MarketLocal.cs
McpApiLocal	Language/McpApiLocal.cs
OptimizerLocal	Language/OptimizerLocal.cs
OsLocalization	Language/OsLocalization.cs
OsLocalType	Language/OsLocalization.cs
PrimeSettingsMasterUiLocal	Language/PrimeSettingsMasterUiLocal.cs
TraderLocal	Language/TraderLocal.cs
UpdaterLocal	Language/UpdaterLocal.cs
DesktopCoordinates	Layout/DesktopCoordinates.cs
POINT	Layout/DesktopCoordinates.cs
GlobalGUILayout	Layout/GlobalGUILayout.cs
OpenWindow	Layout/GlobalGUILayout.cs
OpenWindowLayout	Layout/GlobalGUILayout.cs
StartupLocation	Layout/StartupLocation.cs
StickyBorders	Layout/StickyBorders.cs
MoveWindow	Layout/StickyBorders.cs
BorderType	Layout/StickyBorders.cs
MoveWindowDirection	Layout/StickyBorders.cs
ILogItem	Logging/ILogItem.cs
Log	Logging/Log.cs
LogMessage	Logging/Log.cs
LogMessageType	Logging/Log.cs
LogErrorUi	Logging/LogErrorUi.xaml.cs
MessageSender	Logging/MessageSender.cs
MessageSenderUi	Logging/MessageSenderUi.xaml.cs
ServerMail	Logging/ServerMail.cs
MailThreadSaveSender	Logging/ServerMail.cs
ServerMailDeliveryUi	Logging/ServerMailUi.xaml.cs
ServerSms	Logging/ServerSms.cs
ServerSmsUi	Logging/ServerSmsUi.xaml.cs
ServerTelegram	Logging/ServerTelegram.cs
Response	Logging/ServerTelegram.cs
ResultTelegram	Logging/ServerTelegram.cs
Callback_Query	Logging/ServerTelegram.cs
From	Logging/ServerTelegram.cs
Message	Logging/ServerTelegram.cs
From1	Logging/ServerTelegram.cs
Chat	Logging/ServerTelegram.cs
Reply_Markup	Logging/ServerTelegram.cs
Inline_Keyboard	Logging/ServerTelegram.cs
Mode	Logging/ServerTelegram.cs
Command	Logging/ServerTelegram.cs
ServerTelegramDeliveryUi	Logging/ServerTelegramUi.xaml.cs
ServerVk	Logging/ServerVk.cs
CommandVk	Logging/ServerVk.cs
ServerVkUi	Logging/ServerVkUi.xaml.cs
ServerWebhook	Logging/ServerWebhook.cs
WebhookThreadSaveSender	Logging/ServerWebhook.cs
DiscordMessage	Logging/ServerWebhook.cs
DiscordMessageEmbed	Logging/ServerWebhook.cs
DiscordMessageEmbedField	Logging/ServerWebhook.cs
SlackMessage	Logging/ServerWebhook.cs
SlackMessageAttachment	Logging/ServerWebhook.cs
SlackMessageAttachmentField	Logging/ServerWebhook.cs
SlackUploadResult	Logging/ServerWebhook.cs
SlackUploadResultFile	Logging/ServerWebhook.cs
TelegramMessage	Logging/ServerWebhook.cs
RawMessage	Logging/ServerWebhook.cs
ServerWebhookDeliveryUi	Logging/ServerWebhookUi.xaml.cs
MainWindow	MainWindow.xaml.cs
CriticalErrorHandler	MainWindow.xaml.cs
AddSlavePortfolioUi	Market/AutoFollow/AddSlavePortfolioUi.xaml.cs
CopyMaster	Market/AutoFollow/CopyMaster.cs
CopyMasterUi	Market/AutoFollow/CopyMasterUi.xaml.cs
CopyPortfolioUi	Market/AutoFollow/CopyPortfolioUi.xaml.cs
CopyTrader	Market/AutoFollow/CopyTrader.cs
SynchronizationRow	Market/AutoFollow/CopyTrader.cs
PortfolioToCopy	Market/AutoFollow/CopyTrader.cs
CopyTraderVolumeType	Market/AutoFollow/CopyTrader.cs
CopyTraderOrdersType	Market/AutoFollow/CopyTrader.cs
SecurityToCopy	Market/AutoFollow/CopyTrader.cs
PositionToCopy	Market/AutoFollow/CopyTrader.cs
CopyTraderUi	Market/AutoFollow/CopyTraderUi.xaml.cs
ServersAndPortfolios	Market/AutoFollow/CopyTraderUi.xaml.cs
PortfolioStateCopyBot	Market/AutoFollow/PortfolioStateCopyBot.cs
PendingPositionState	Market/AutoFollow/PortfolioStateCopyBot.cs
ConnectorCandles	Market/Connectors/ConnectorCandles.cs
ConnectorWorkType	Market/Connectors/ConnectorCandles.cs
ConnectorCandlesUi	Market/Connectors/ConnectorCandlesUi.xaml.cs
ConnectorNews	Market/Connectors/ConnectorNews.cs
ConnectorNewsUi	Market/Connectors/ConnectorNewsUi.xaml.cs
MarketDepthCreateTypeMaxSpreadUi	Market/Connectors/MarketDepthCreateTypeMaxSpeadUi.xaml.cs
MassSourcesCreateUi	Market/Connectors/MassSourcesCreateUi.xaml.cs
MassSourcesCreator	Market/Connectors/MassSourcesCreator.cs
ActivatedSecurity	Market/Connectors/MassSourcesCreator.cs
OrderExecutionEmulator	Market/Connectors/OrderExecutionEmulator.cs
ProxyMaster	Market/Proxy/ProxyMaster.cs
IpInfo	Market/Proxy/ProxyMaster.cs
ProxyMasterUi	Market/Proxy/ProxyMasterUi.xaml.cs
ProxyOsa	Market/Proxy/ProxyOsa.cs
ServerEncryptionStatus	Market/ServerEncryption/ServerEncryptionMaster.cs
ServerEncryptionMaster	Market/ServerEncryption/ServerEncryptionMaster.cs
ServerEncryptionUi	Market/ServerEncryption/ServerEncryptionUi.xaml.cs
ServerMaster	Market/ServerMaster.cs
ServerPop	Market/ServerMaster.cs
ServerType	Market/ServerMaster.cs
StartUiToPainter	Market/ServerMasterOrdersPainter.cs
ServerMasterOrdersPainter	Market/ServerMasterOrdersPainter.cs
ServerMasterPortfoliosPainter	Market/ServerMasterPortfoliosPainter.cs
ServerMasterSourcesPainter	Market/ServerMasterSourcesPainter.cs
ServerMasterUi	Market/ServerMasterUi.xaml.cs
AExchangeServer	Market/Servers/AExchange/AExchangeServer.cs
AExchangeServerRealization	Market/Servers/AExchange/AExchangeServer.cs
AExchangeServerPermission	Market/Servers/AExchange/AExchangeServerPermission.cs
WebSocketAccountsMessage	Market/Servers/AExchange/Json/Accounts.cs
Account	Market/Servers/AExchange/Json/Accounts.cs
Position	Market/Servers/AExchange/Json/Accounts.cs
Order	Market/Servers/AExchange/Json/Accounts.cs
WebSocketAccountStateMessage	Market/Servers/AExchange/Json/AccountState.cs
WebSocketCancelOrderMessage	Market/Servers/AExchange/Json/CancelOrderMessage.cs
WebSocketErrorMessage	Market/Servers/AExchange/Json/Error.cs
InstrumentDefinition	Market/Servers/AExchange/Json/InstrumentDefinition.cs
InstrumentType	Market/Servers/AExchange/Json/InstrumentDefinition.cs
OptionType	Market/Servers/AExchange/Json/InstrumentDefinition.cs
WebSocketInstrumentsMessage	Market/Servers/AExchange/Json/InstrumentDefinition.cs
WebSocketLoginMessage	Market/Servers/AExchange/Json/LoginMessage.cs
OrderPendingMessage	Market/Servers/AExchange/Json/OrderStatus.cs
OrderRejectedMessage	Market/Servers/AExchange/Json/OrderStatus.cs
OrderCanceledMessage	Market/Servers/AExchange/Json/OrderStatus.cs
OrderFilledMessage	Market/Servers/AExchange/Json/OrderStatus.cs
WebSocketPlaceOrderMessage	Market/Servers/AExchange/Json/PlaceOrderMessage.cs
WebSocketPositionUpdateMessage	Market/Servers/AExchange/Json/PositionUpdate.cs
WebSocketQuoteMessage	Market/Servers/AExchange/Json/Quotes.cs
WebSocketSubscribeOnQuoteMessage	Market/Servers/AExchange/Json/SubscribeOnQuoteMessage.cs
WebSocketTradeMessage	Market/Servers/AExchange/Json/Trade.cs
TradeType	Market/Servers/AExchange/Json/Trade.cs
WebSocketMessageBase	Market/Servers/AExchange/Json/WebSocketMessageBase.cs
AlorServer	Market/Servers/Alor/AlorServer.cs
AlorServerRealization	Market/Servers/Alor/AlorServer.cs
AlorAvailableExchanges	Market/Servers/Alor/AlorServer.cs
AlorSocketSubscription	Market/Servers/Alor/AlorServer.cs
AlorChangePriceOrder	Market/Servers/Alor/AlorServer.cs
AlorSecuritiesAndPortfolios	Market/Servers/Alor/AlorServer.cs
OpenInterestValue	Market/Servers/Alor/AlorServer.cs
AlorSubType	Market/Servers/Alor/AlorServer.cs
AlorServerPermission	Market/Servers/Alor/AlorServerPermission.cs
AlorPortfolioRest	Market/Servers/Alor/Json/AlorPortfolioRest.cs
AlorPortfolioSocket	Market/Servers/Alor/Json/AlorPortfolioSocket.cs
AlorSecurity	Market/Servers/Alor/Json/AlorSecurity.cs
CandlesHistoryAlor	Market/Servers/Alor/Json/CandlesHistoryAlor.cs
AlorCandle	Market/Servers/Alor/Json/CandlesHistoryAlor.cs
MarketDepthFullMessage	Market/Servers/Alor/Json/MarketDepthAlor.cs
MarketDepthAlor	Market/Servers/Alor/Json/MarketDepthAlor.cs
MarketDepthLevelAlor	Market/Servers/Alor/Json/MarketDepthAlor.cs
MyTradeAlor	Market/Servers/Alor/Json/MyTradeAlor.cs
MyTradeAlorRest	Market/Servers/Alor/Json/MyTradeAlor.cs
OrderAlor	Market/Servers/Alor/Json/OrderAlor.cs
LimitOrderAlorRequest	Market/Servers/Alor/Json/OrdersAlorRequest.cs
MarketOrderAlorRequest	Market/Servers/Alor/Json/OrdersAlorRequest.cs
instrumentAlor	Market/Servers/Alor/Json/OrdersAlorRequest.cs
User	Market/Servers/Alor/Json/OrdersAlorRequest.cs
PositionOnBoardAlor	Market/Servers/Alor/Json/PositionOnBoardAlor.cs
QuotesAlorFullMessage	Market/Servers/Alor/Json/QuotesAlor.cs
QuotesAlor	Market/Servers/Alor/Json/QuotesAlor.cs
RequestSocketSubscribeTrades	Market/Servers/Alor/Json/RequestSocketSubscribe.cs
RequestSocketSubscribeMarketDepth	Market/Servers/Alor/Json/RequestSocketSubscribe.cs
RequestSocketSubscribePortfolio	Market/Servers/Alor/Json/RequestSocketSubscribe.cs
RequestSocketSubscribePositions	Market/Servers/Alor/Json/RequestSocketSubscribe.cs
RequestSocketSubscribeOrders	Market/Servers/Alor/Json/RequestSocketSubscribe.cs
RequestSocketSubscribeMyTrades	Market/Servers/Alor/Json/RequestSocketSubscribe.cs
RequestSocketUnsubscribe	Market/Servers/Alor/Json/RequestSocketUnsubscribe.cs
SocketMessageBase	Market/Servers/Alor/Json/SocketMessageBase.cs
TokenResponse	Market/Servers/Alor/Json/TokenResponse.cs
TradesHistoryAlor	Market/Servers/Alor/Json/TradesHistoryAlor.cs
AlorTrade	Market/Servers/Alor/Json/TradesHistoryAlor.cs
AscendexSpotServer	Market/Servers/AscendEX/AscendEXSpot/AscendexSpotServer.cs
AscendexSpotServerRealization	Market/Servers/AscendEX/AscendEXSpot/AscendexSpotServer.cs
AscendexSpotServerPermission	Market/Servers/AscendEX/AscendEXSpot/AscendexSpotServerPermission.cs
AscendexSpotApiKeyInfoResponse	Market/Servers/AscendEX/AscendEXSpot/Entity/AscendexSpotAccountInfo.cs
AscendexSpotApiKeyInfo	Market/Servers/AscendEX/AscendEXSpot/Entity/AscendexSpotAccountInfo.cs
AscendexSpotCandleResponse	Market/Servers/AscendEX/AscendEXSpot/Entity/AscendexSpotCandle.cs
AscendexSpotCandleEntry	Market/Servers/AscendEX/AscendEXSpot/Entity/AscendexSpotCandle.cs
AscendexSpotCandleData	Market/Servers/AscendEX/AscendEXSpot/Entity/AscendexSpotCandle.cs
AscendexSpotDepthResponse	Market/Servers/AscendEX/AscendEXSpot/Entity/AscendexSpotDepth.cs
AscendexSpotDepthtData	Market/Servers/AscendEX/AscendEXSpot/Entity/AscendexSpotDepth.cs
WebSocketMessage	Market/Servers/AscendEX/AscendEXSpot/Entity/AscendexSpotOrderAndPortfolioWebsocket.cs
OrderDataWebsocket	Market/Servers/AscendEX/AscendEXSpot/Entity/AscendexSpotOrderAndPortfolioWebsocket.cs
BalanceSocket	Market/Servers/AscendEX/AscendEXSpot/Entity/AscendexSpotOrderAndPortfolioWebsocket.cs
AscendexSpotOrderResponse	Market/Servers/AscendEX/AscendEXSpot/Entity/AscendexSpotOrderRest.cs
AscendexSpotQueryOrderResponse	Market/Servers/AscendEX/AscendEXSpot/Entity/AscendexSpotOrderRest.cs
AscendexSpotOrderInfo	Market/Servers/AscendEX/AscendEXSpot/Entity/AscendexSpotOrderRest.cs
AscendexQueryOrderResponse	Market/Servers/AscendEX/AscendEXSpot/Entity/AscendexSpotOrderRest.cs
AscendexSpotOpenOrdersResponse	Market/Servers/AscendEX/AscendEXSpot/Entity/AscendexSpotOrderRest.cs
AscendexSpotCancelOrderResponse	Market/Servers/AscendEX/AscendEXSpot/Entity/AscendexSpotOrderRest.cs
AscendexSpotCancelOrderData	Market/Servers/AscendEX/AscendEXSpot/Entity/AscendexSpotOrderRest.cs
AscendexSpotCancelOrderInfo	Market/Servers/AscendEX/AscendEXSpot/Entity/AscendexSpotOrderRest.cs
AscendexSpotPublicTradesResponse	Market/Servers/AscendEX/AscendEXSpot/Entity/AscendexSpotPublicTrades.cs
AscendexSpotPublicTradeItem	Market/Servers/AscendEX/AscendEXSpot/Entity/AscendexSpotPublicTrades.cs
AscendexSpotSecurityResponse	Market/Servers/AscendEX/AscendEXSpot/Entity/AscendexSpotSecurity.cs
AscendexSpotSecurityData	Market/Servers/AscendEX/AscendEXSpot/Entity/AscendexSpotSecurity.cs
BalanceResponse	Market/Servers/AscendEX/AscendEXSpot/Entity/AscendexSpotSecurity.cs
BalanceRest	Market/Servers/AscendEX/AscendEXSpot/Entity/AscendexSpotSecurity.cs
AServer	Market/Servers/AServer.cs
OrderAserverSender	Market/Servers/AServer.cs
OrderSendType	Market/Servers/AServer.cs
OrderCounter	Market/Servers/AServer.cs
SecurityFlowTime	Market/Servers/AServer.cs
AServerAsyncOrderSender	Market/Servers/AServerAsyncOrderSender.cs
AServerOrdersHub	Market/Servers/AServerOrdersHub.cs
OrderToWatch	Market/Servers/AServerOrdersHub.cs
OrderToSave	Market/Servers/AServerOrdersHub.cs
AServerParameterUi	Market/Servers/AServerParameterUi.xaml.cs
AstsBridgeServer	Market/Servers/AstsBridge/AstsBridgeServer.cs
AstsDislocation	Market/Servers/AstsBridge/AstsBridgeServer.cs
AstsBridgeWrapper	Market/Servers/AstsBridge/AstsBridgeWrapper.cs
TMTEMSG_TAG	Market/Servers/AstsBridge/AstsBridgeWrapper.cs
name	Market/Servers/AstsBridge/AstsBridgeWrapper.cs
UniversalTable	Market/Servers/AstsBridge/AstsBridgeWrapper.cs
UniversalRow	Market/Servers/AstsBridge/AstsBridgeWrapper.cs
UniversalField	Market/Servers/AstsBridge/AstsBridgeWrapper.cs
AstsEnumType	Market/Servers/AstsBridge/AstsBridgeWrapper.cs
AstsEnumConst	Market/Servers/AstsBridge/AstsBridgeWrapper.cs
AstsEnumKind	Market/Servers/AstsBridge/AstsBridgeWrapper.cs
AstsTable	Market/Servers/AstsBridge/AstsBridgeWrapper.cs
AstsTableFlags	Market/Servers/AstsBridge/AstsBridgeWrapper.cs
AstsTableField	Market/Servers/AstsBridge/AstsBridgeWrapper.cs
AstsTableFieldType	Market/Servers/AstsBridge/AstsBridgeWrapper.cs
AstsTableFieldFlags	Market/Servers/AstsBridge/AstsBridgeWrapper.cs
AstsTransaction	Market/Servers/AstsBridge/AstsBridgeWrapper.cs
OrderTableConverter	Market/Servers/AstsBridge/AstsBridgeWrapper.cs
MyTradeTableConverter	Market/Servers/AstsBridge/AstsBridgeWrapper.cs
TradesTableConverter	Market/Servers/AstsBridge/AstsBridgeWrapper.cs
PortfoliosTableConverter	Market/Servers/AstsBridge/AstsBridgeWrapper.cs
SecurityTableConverter	Market/Servers/AstsBridge/AstsBridgeWrapper.cs
SecurityBoardsConverter	Market/Servers/AstsBridge/AstsBridgeWrapper.cs
AstsBoards	Market/Servers/AstsBridge/AstsBridgeWrapper.cs
MarketDepthTableConverter	Market/Servers/AstsBridge/AstsBridgeWrapper.cs
AstsServerUi	Market/Servers/AstsBridge/AstsServerUi.xaml.cs
SecurityLevelOneAsts	Market/Servers/AstsBridge/SecurityLevelOne.cs
AtpServer	Market/Servers/Atp/AtpServer.cs
AtpServerRealization	Market/Servers/Atp/AtpServer.cs
AtpServerPermission	Market/Servers/Atp/AtpServerPermission.cs
SecuritiesAtpUi	Market/Servers/Atp/SecuritiesAtpUi.xaml.cs
BcsServer	Market/Servers/BCS/BcsServer.cs
BcsServerRealization	Market/Servers/BCS/BcsServer.cs
MyTradeFetchRequest	Market/Servers/BCS/BcsServer.cs
BcsServerPermission	Market/Servers/BCS/BcsServerPermission.cs
BcsAuthResponse	Market/Servers/BCS/Entity/BcsHttpResponse.cs
BcsSecurity	Market/Servers/BCS/Entity/BcsHttpResponse.cs
Board	Market/Servers/BCS/Entity/BcsHttpResponse.cs
BcsPortfolioRest	Market/Servers/BCS/Entity/BcsHttpResponse.cs
BcsCandles	Market/Servers/BCS/Entity/BcsHttpResponse.cs
Bar	Market/Servers/BCS/Entity/BcsHttpResponse.cs
BcsOrderResponse	Market/Servers/BCS/Entity/BcsHttpResponse.cs
BcsOrdersListResponse	Market/Servers/BCS/Entity/BcsHttpResponse.cs
Record	Market/Servers/BCS/Entity/BcsHttpResponse.cs
BcsTradesListResponse	Market/Servers/BCS/Entity/BcsHttpResponse.cs
BcsTrade	Market/Servers/BCS/Entity/BcsHttpResponse.cs
BcsPortfolio	Market/Servers/BCS/Entity/BcsWebSocketResponse.cs
PublicMarketDataResponse	Market/Servers/BCS/Entity/BcsWebSocketResponse.cs
OrderBookEntry	Market/Servers/BCS/Entity/BcsWebSocketResponse.cs
Error	Market/Servers/BCS/Entity/BcsWebSocketResponse.cs
BcsOrdersResponse	Market/Servers/BCS/Entity/BcsWebSocketResponse.cs
Data	Market/Servers/BCS/Entity/BcsWebSocketResponse.cs
WarningSocketMessage	Market/Servers/BCS/Entity/BcsWebSocketResponse.cs
Displayoptions	Market/Servers/BCS/Entity/BcsWebSocketResponse.cs
ErrorSubscribeSocket	Market/Servers/BCS/Entity/BcsWebSocketResponse.cs
BinanceFuturesServerPermission	Market/Servers/Binance/Futures/BinanceFuturesServerPermission.cs
FuturesType	Market/Servers/Binance/Futures/BinanceServerFutures.cs
BinanceServerFutures	Market/Servers/Binance/Futures/BinanceServerFutures.cs
BinanceServerFuturesRealization	Market/Servers/Binance/Futures/BinanceServerFutures.cs
OpenInterestData	Market/Servers/Binance/Futures/BinanceServerFutures.cs
AccountResponseFutures	Market/Servers/Binance/Futures/Entity/AccountResponseFutures.cs
PositionFutures	Market/Servers/Binance/Futures/Entity/AccountResponseFutures.cs
AssetFutures	Market/Servers/Binance/Futures/Entity/AccountResponseFutures.cs
AssetFuturesCoinM	Market/Servers/Binance/Futures/Entity/AccountResponseFutures.cs
AccountResponseFuturesFromWebSocket	Market/Servers/Binance/Futures/Entity/AccountResponseFutures.cs
Account	Market/Servers/Binance/Futures/Entity/AccountResponseFutures.cs
Balances	Market/Servers/Binance/Futures/Entity/AccountResponseFutures.cs
PositionContainer	Market/Servers/Binance/Futures/Entity/AccountResponseFutures.cs
HedgeModeResponse	Market/Servers/Binance/Futures/Entity/AccountResponseFutures.cs
PremiumIndex	Market/Servers/Binance/Futures/Entity/AccountResponseFutures.cs
PriceTicker	Market/Servers/Binance/Futures/Entity/AccountResponseFutures.cs
AgregatedHistoryTrade	Market/Servers/Binance/Futures/Entity/AgregatedHistoryTrade.cs
DepthResponseFutures	Market/Servers/Binance/Futures/Entity/BinanceFutureseDepthResponse.cs
DataFut	Market/Servers/Binance/Futures/Entity/BinanceFutureseDepthResponse.cs
OrderBinFutResp	Market/Servers/Binance/Futures/Entity/OrderUpdResponse.cs
OrderUpdResponse	Market/Servers/Binance/Futures/Entity/OrderUpdResponse.cs
OrderOpenRestRespFut	Market/Servers/Binance/Futures/Entity/OrderUpdResponse.cs
PublicMarketDataResponse	Market/Servers/Binance/Futures/Entity/PublicMarketDataResponse.cs
PublicMarketDataFunding	Market/Servers/Binance/Futures/Entity/PublicMarketDataResponse.cs
PublicMarketDataVolume24h	Market/Servers/Binance/Futures/Entity/PublicMarketDataResponse.cs
FundingInfo	Market/Servers/Binance/Futures/Entity/PublicMarketDataResponse.cs
FundingHistory	Market/Servers/Binance/Futures/Entity/PublicMarketDataResponse.cs
OpenInterestInfo	Market/Servers/Binance/Futures/Entity/PublicMarketDataResponse.cs
BinanceTime	Market/Servers/Binance/Futures/Entity/ResponceFutures.cs
BinanceUserMessage	Market/Servers/Binance/Futures/Entity/ResponceFutures.cs
ErrorMessage	Market/Servers/Binance/Futures/Entity/ResponceFutures.cs
HistoryOrderReport	Market/Servers/Binance/Futures/Entity/ResponceFutures.cs
OrderActionResponse	Market/Servers/Binance/Futures/Entity/ResponceFutures.cs
SecurityResponse	Market/Servers/Binance/Futures/Entity/ResponceFutures.cs
ListenKey	Market/Servers/Binance/Futures/Entity/ResponceFutures.cs
TradesResponseReserches	Market/Servers/Binance/Futures/Entity/TradesResponseReserches.cs
BinanceServerSpot	Market/Servers/Binance/Spot/BinanceServerSpot.cs
BinanceServerRealization	Market/Servers/Binance/Spot/BinanceServerSpot.cs
BinanceExchangeType	Market/Servers/Binance/Spot/BinanceServerSpot.cs
BinanceUserMessage	Market/Servers/Binance/Spot/BinanceServerSpot.cs
Balance	Market/Servers/Binance/Spot/BinanceSpotEntity/AccountResponse.cs
AccountResponse	Market/Servers/Binance/Spot/BinanceSpotEntity/AccountResponse.cs
AccountResponseMargin	Market/Servers/Binance/Spot/BinanceSpotEntity/AccountResponseMargin.cs
UserAssets	Market/Servers/Binance/Spot/BinanceSpotEntity/AccountResponseMargin.cs
AuthenticationResponse	Market/Servers/Binance/Spot/BinanceSpotEntity/AuthenticationResponse.cs
AuthenticationResult	Market/Servers/Binance/Spot/BinanceSpotEntity/AuthenticationResponse.cs
BinanceTime	Market/Servers/Binance/Spot/BinanceSpotEntity/BinanceTime.cs
Datas	Market/Servers/Binance/Spot/BinanceSpotEntity/DepthResponse.cs
DepthResponse	Market/Servers/Binance/Spot/BinanceSpotEntity/DepthResponse.cs
ErrorMessage	Market/Servers/Binance/Spot/BinanceSpotEntity/ErrorMessage.cs
ExecutionReportEvent	Market/Servers/Binance/Spot/BinanceSpotEntity/ExecutionReport.cs
ExecutionReport	Market/Servers/Binance/Spot/BinanceSpotEntity/ExecutionReport.cs
HistoryOrderReport	Market/Servers/Binance/Spot/BinanceSpotEntity/HistoryOrderReport.cs
HistoryMyTradeReport	Market/Servers/Binance/Spot/BinanceSpotEntity/HistoryOrderReport.cs
AgregatedHistoryTrade	Market/Servers/Binance/Spot/BinanceSpotEntity/HistoryTrade.cs
ListenKey	Market/Servers/Binance/Spot/BinanceSpotEntity/ListenKey.cs
MiniTickerResponse	Market/Servers/Binance/Spot/BinanceSpotEntity/MiniTickerResponse.cs
TickerItem	Market/Servers/Binance/Spot/BinanceSpotEntity/MiniTickerResponse.cs
OutboundAccountInfo	Market/Servers/Binance/Spot/BinanceSpotEntity/OutboundAccountInfo.cs
AccountData	Market/Servers/Binance/Spot/BinanceSpotEntity/OutboundAccountInfo.cs
AccountBalance	Market/Servers/Binance/Spot/BinanceSpotEntity/OutboundAccountInfo.cs
RateLimit	Market/Servers/Binance/Spot/BinanceSpotEntity/SecurityResponce.cs
Filter	Market/Servers/Binance/Spot/BinanceSpotEntity/SecurityResponce.cs
Symbol	Market/Servers/Binance/Spot/BinanceSpotEntity/SecurityResponce.cs
SecurityResponce	Market/Servers/Binance/Spot/BinanceSpotEntity/SecurityResponce.cs
Asset	Market/Servers/Binance/Spot/BinanceSpotEntity/SecurityResponce.cs
Data	Market/Servers/Binance/Spot/BinanceSpotEntity/TradeResponse.cs
TradeResponse	Market/Servers/Binance/Spot/BinanceSpotEntity/TradeResponse.cs
BinanceSpotServerPermission	Market/Servers/Binance/Spot/BinanceSpotServerPermission.cs
BinanceDataServer	Market/Servers/BinanceData/BinanceDataServer.cs
BinanceDataServerRealization	Market/Servers/BinanceData/BinanceDataServer.cs
BinanceDataServerPermission	Market/Servers/BinanceData/BinanceDataServerPermission.cs
BinanceSecurityResponse	Market/Servers/BinanceData/Entity/BinanceSecurityResponse.cs
BinanceSecurityInfo	Market/Servers/BinanceData/Entity/BinanceSecurityResponse.cs
ListBucketResult	Market/Servers/BinanceData/Entity/ListBucketResult.cs
S3Object	Market/Servers/BinanceData/Entity/ListBucketResult.cs
BingXFuturesServerPermission	Market/Servers/BingX/BingXFutures/BingXFuturesServerPermission.cs
BingXServerFutures	Market/Servers/BingX/BingXFutures/BingXServerFutures.cs
BingXServerFuturesRealization	Market/Servers/BingX/BingXFutures/BingXServerFutures.cs
OpenInterestData	Market/Servers/BingX/BingXFutures/BingXServerFutures.cs
ListenKeyBingXFutures	Market/Servers/BingX/BingXFutures/Entity/ListenKeyBingXFutures.cs
ResponseFuturesBingX	Market/Servers/BingX/BingXFutures/Entity/ResponseFuturesBingX.cs
ResponseFuturesBingXMessage	Market/Servers/BingX/BingXFutures/Entity/ResponseFuturesBingX.cs
JsonErrorResponse	Market/Servers/BingX/BingXFutures/Entity/ResponseFuturesBingX.cs
PositionData	Market/Servers/BingX/BingXFutures/Entity/ResponseFuturesBingX.cs
CandlestickChartDataFutures	Market/Servers/BingX/BingXFutures/Entity/ResponseFuturesBingX.cs
BingXFuturesSymbols	Market/Servers/BingX/BingXFutures/Entity/ResponseFuturesBingX.cs
BalanceInfoBingXFutures	Market/Servers/BingX/BingXFutures/Entity/ResponseFuturesBingX.cs
OrderDetails	Market/Servers/BingX/BingXFutures/Entity/ResponseFuturesBingX.cs
StopLoss	Market/Servers/BingX/BingXFutures/Entity/ResponseFuturesBingX.cs
TakeProfit	Market/Servers/BingX/BingXFutures/Entity/ResponseFuturesBingX.cs
FillOrder	Market/Servers/BingX/BingXFutures/Entity/ResponseFuturesBingX.cs
OrderData	Market/Servers/BingX/BingXFutures/Entity/ResponseFuturesBingX.cs
OpenOrdersData	Market/Servers/BingX/BingXFutures/Entity/ResponseFuturesBingX.cs
FillOrdersData	Market/Servers/BingX/BingXFutures/Entity/ResponseFuturesBingX.cs
PositionMode	Market/Servers/BingX/BingXFutures/Entity/ResponseFuturesBingX.cs
Balance	Market/Servers/BingX/BingXFutures/Entity/ResponseFuturesBingX.cs
OpenInterestInfo	Market/Servers/BingX/BingXFutures/Entity/ResponseFuturesBingX.cs
FundingInfo	Market/Servers/BingX/BingXFutures/Entity/ResponseFuturesBingX.cs
FundingItemHistory	Market/Servers/BingX/BingXFutures/Entity/ResponseFuturesBingX.cs
ResponseWSBingXFuturesMessage	Market/Servers/BingX/BingXFutures/Entity/ResponseWSBingXFuturesMessage.cs
MarketDepthDataMessage	Market/Servers/BingX/BingXFutures/Entity/ResponseWSBingXFuturesMessage.cs
TradeUpdateEvent	Market/Servers/BingX/BingXFutures/Entity/ResponseWSBingXFuturesMessage.cs
TradeOrderDetails	Market/Servers/BingX/BingXFutures/Entity/ResponseWSBingXFuturesMessage.cs
SubscribeLatestTradeDetail	Market/Servers/BingX/BingXFutures/Entity/ResponseWSBingXFuturesMessage.cs
TradeDetails	Market/Servers/BingX/BingXFutures/Entity/ResponseWSBingXFuturesMessage.cs
AccountUpdateEvent	Market/Servers/BingX/BingXFutures/Entity/ResponseWSBingXFuturesMessage.cs
AccountData	Market/Servers/BingX/BingXFutures/Entity/ResponseWSBingXFuturesMessage.cs
AssetBalance	Market/Servers/BingX/BingXFutures/Entity/ResponseWSBingXFuturesMessage.cs
TradeInfo	Market/Servers/BingX/BingXFutures/Entity/ResponseWSBingXFuturesMessage.cs
TickerItem	Market/Servers/BingX/BingXFutures/Entity/ResponseWSBingXFuturesMessage.cs
BingXServerSpot	Market/Servers/BingX/BingXSpot/BingXServerSpot.cs
BingXServerSpotRealization	Market/Servers/BingX/BingXSpot/BingXServerSpot.cs
BingXSpotServerPermission	Market/Servers/BingX/BingXSpot/BingXSpotServerPermission.cs
ListenKeyBingX	Market/Servers/BingX/BingXSpot/Entity/ListenKeyBingX.cs
ResponseSpotBingX	Market/Servers/BingX/BingXSpot/Entity/ResponseSpotBingX.cs
BalanceArray	Market/Servers/BingX/BingXSpot/Entity/ResponseSpotBingX.cs
SymbolArray	Market/Servers/BingX/BingXSpot/Entity/ResponseSpotBingX.cs
BalanceData	Market/Servers/BingX/BingXSpot/Entity/ResponseSpotBingX.cs
ResponseErrorCode	Market/Servers/BingX/BingXSpot/Entity/ResponseSpotBingX.cs
CandlestickChartData	Market/Servers/BingX/BingXSpot/Entity/ResponseSpotBingX.cs
SymbolData	Market/Servers/BingX/BingXSpot/Entity/ResponseSpotBingX.cs
ResponseCreateOrder	Market/Servers/BingX/BingXSpot/Entity/ResponseSpotBingX.cs
OrderArray	Market/Servers/BingX/BingXSpot/Entity/ResponseSpotBingX.cs
ResponseGetOrder	Market/Servers/BingX/BingXSpot/Entity/ResponseSpotBingX.cs
TradeArray	Market/Servers/BingX/BingXSpot/Entity/ResponseSpotBingX.cs
ResponseTrade	Market/Servers/BingX/BingXSpot/Entity/ResponseSpotBingX.cs
ResponseWebSocketBingXMessage	Market/Servers/BingX/BingXSpot/Entity/ResponseWebSocketBingXMessage.cs
SubscriptionOrderUpdateData	Market/Servers/BingX/BingXSpot/Entity/ResponseWebSocketBingXMessage.cs
MarketDepthDataMessage	Market/Servers/BingX/BingXSpot/Entity/ResponseWebSocketBingXMessage.cs
ResponseWebSocketTrade	Market/Servers/BingX/BingXSpot/Entity/ResponseWebSocketBingXMessage.cs
TickerItem	Market/Servers/BingX/BingXSpot/Entity/ResponseWebSocketBingXMessage.cs
BitfinexFuturesServer	Market/Servers/Bitfinex/BitfinexFutures/BitfinexFuturesServer.cs
BitfinexFuturesServerRealization	Market/Servers/Bitfinex/BitfinexFutures/BitfinexFuturesServer.cs
BitfinexFuturesServerPermission	Market/Servers/Bitfinex/BitfinexFutures/BitfinexFuturesServerPermission.cs
BitfinexFuturesCandle	Market/Servers/Bitfinex/BitfinexFutures/Json/BitfinexFuturesCandle.cs
BitfinexFuturesOrderData	Market/Servers/Bitfinex/BitfinexFutures/Json/BitfinexFuturesOrder.cs
BitfinexFuturesSubscriptionResponse	Market/Servers/Bitfinex/BitfinexFutures/Json/BitfinexFuturesWebsocketTrades.cs
BitfinexFuturesAuthResponseWebSocket	Market/Servers/Bitfinex/BitfinexFutures/Json/BitfinexFuturesWebsocketTrades.cs
BitfinexSpotServer	Market/Servers/Bitfinex/BitfinexSpot/BitfinexSpotServer.cs
BitfinexSpotServerRealization	Market/Servers/Bitfinex/BitfinexSpot/BitfinexSpotServer.cs
BitfinexSpotServerPermission	Market/Servers/Bitfinex/BitfinexSpot/BitfinexSpotServerPermission.cs
BitfinexCandle	Market/Servers/Bitfinex/BitfinexSpot/Json/BitfinexCandle.cs
BitfinexOrderData	Market/Servers/Bitfinex/BitfinexSpot/Json/BitfinexOrder.cs
BitfinexSubscriptionResponse	Market/Servers/Bitfinex/BitfinexSpot/Json/BitfinexWebsocketTrades.cs
BitfinexAuthResponseWebSocket	Market/Servers/Bitfinex/BitfinexSpot/Json/BitfinexWebsocketTrades.cs
BitGetFuturesServerPermission	Market/Servers/BitGet/BitGetFutures/BitGetFuturesServerPermission.cs
BitGetServerFutures	Market/Servers/BitGet/BitGetFutures/BitGetServerFutures.cs
BitGetServerRealization	Market/Servers/BitGet/BitGetFutures/BitGetServerFutures.cs
OpenInterestData	Market/Servers/BitGet/BitGetFutures/BitGetServerFutures.cs
RequestWebsocketAuth	Market/Servers/BitGet/BitGetFutures/Entity/RequestWebsocketAuth.cs
AuthItem	Market/Servers/BitGet/BitGetFutures/Entity/RequestWebsocketAuth.cs
ResponseRestMessage	Market/Servers/BitGet/BitGetFutures/Entity/ResponseRestMessage.cs
RestMessageCandle	Market/Servers/BitGet/BitGetFutures/Entity/ResponseRestMessage.cs
RestMessageSymbol	Market/Servers/BitGet/BitGetFutures/Entity/ResponseRestMessage.cs
RestMessagePositions	Market/Servers/BitGet/BitGetFutures/Entity/ResponseRestMessage.cs
RestMessageOrders	Market/Servers/BitGet/BitGetFutures/Entity/ResponseRestMessage.cs
EntrustedList	Market/Servers/BitGet/BitGetFutures/Entity/ResponseRestMessage.cs
DataOrderStatus	Market/Servers/BitGet/BitGetFutures/Entity/ResponseRestMessage.cs
RestMyTradesResponce	Market/Servers/BitGet/BitGetFutures/Entity/ResponseRestMessage.cs
DataMyTrades	Market/Servers/BitGet/BitGetFutures/Entity/ResponseRestMessage.cs
FillList	Market/Servers/BitGet/BitGetFutures/Entity/ResponseRestMessage.cs
Account	Market/Servers/BitGet/BitGetFutures/Entity/ResponseRestMessage.cs
Asset	Market/Servers/BitGet/BitGetFutures/Entity/ResponseRestMessage.cs
TradeData	Market/Servers/BitGet/BitGetFutures/Entity/ResponseRestMessage.cs
OIData	Market/Servers/BitGet/BitGetFutures/Entity/ResponseRestMessage.cs
OpenInterestItem	Market/Servers/BitGet/BitGetFutures/Entity/ResponseRestMessage.cs
FundingItem	Market/Servers/BitGet/BitGetFutures/Entity/ResponseRestMessage.cs
FundingItemHistory	Market/Servers/BitGet/BitGetFutures/Entity/ResponseRestMessage.cs
ResponseWebSocketMessageAction	Market/Servers/BitGet/BitGetFutures/Entity/ResponseWebSocketMessageAction.cs
ResponseWebsocketTrade	Market/Servers/BitGet/BitGetFutures/Entity/ResponseWebSocketMessageAction.cs
ResponseWebSocketMessageSubscribe	Market/Servers/BitGet/BitGetFutures/Entity/ResponseWebSocketMessageAction.cs
ResponseWebSocketMessageArg	Market/Servers/BitGet/BitGetFutures/Entity/ResponseWebSocketMessageAction.cs
ResponseWebSocketDepthItem	Market/Servers/BitGet/BitGetFutures/Entity/ResponseWebSocketMessageAction.cs
ResponseWebSocketOrder	Market/Servers/BitGet/BitGetFutures/Entity/ResponseWebSocketMessageAction.cs
ResponseWebSocketAccount	Market/Servers/BitGet/BitGetFutures/Entity/ResponseWebSocketMessageAction.cs
ResponseMessagePositions	Market/Servers/BitGet/BitGetFutures/Entity/ResponseWebSocketMessageAction.cs
ResponseTicker	Market/Servers/BitGet/BitGetFutures/Entity/ResponseWebSocketMessageAction.cs
BitGetServerSpot	Market/Servers/BitGet/BitGetSpot/BitGetServerSpot.cs
BitGetServerSpotRealization	Market/Servers/BitGet/BitGetSpot/BitGetServerSpot.cs
BitGetSpotServerPermission	Market/Servers/BitGet/BitGetSpot/BitGetSpotServerPermission.cs
RequestWebsocketAuth	Market/Servers/BitGet/BitGetSpot/Entity/RequestWebsocketAuth.cs
AuthItem	Market/Servers/BitGet/BitGetSpot/Entity/RequestWebsocketAuth.cs
ResponseRestMessage	Market/Servers/BitGet/BitGetSpot/Entity/ResponseMessageRest.cs
RestMessageCandle	Market/Servers/BitGet/BitGetSpot/Entity/ResponseMessageRest.cs
RestMessageSymbol	Market/Servers/BitGet/BitGetSpot/Entity/ResponseMessageRest.cs
RestMessageAccount	Market/Servers/BitGet/BitGetSpot/Entity/ResponseMessageRest.cs
RestMessagePositions	Market/Servers/BitGet/BitGetSpot/Entity/ResponseMessageRest.cs
RestMessageOrders	Market/Servers/BitGet/BitGetSpot/Entity/ResponseMessageRest.cs
DataOrderStatus	Market/Servers/BitGet/BitGetSpot/Entity/ResponseMessageRest.cs
RestMyTradesResponce	Market/Servers/BitGet/BitGetSpot/Entity/ResponseMessageRest.cs
DataMyTrades	Market/Servers/BitGet/BitGetSpot/Entity/ResponseMessageRest.cs
FeeDetail	Market/Servers/BitGet/BitGetSpot/Entity/ResponseMessageRest.cs
TradeData	Market/Servers/BitGet/BitGetSpot/Entity/ResponseMessageRest.cs
ResponseWebSocketMessageAction	Market/Servers/BitGet/BitGetSpot/Entity/ResponseWebSocketMessageAction.cs
ResponseWebsocketTrade	Market/Servers/BitGet/BitGetSpot/Entity/ResponseWebSocketMessageAction.cs
ResponseWebSocketMessageSubscribe	Market/Servers/BitGet/BitGetSpot/Entity/ResponseWebSocketMessageAction.cs
ResponseWebSocketMessageArg	Market/Servers/BitGet/BitGetSpot/Entity/ResponseWebSocketMessageAction.cs
ResponseWebSocketDepthItem	Market/Servers/BitGet/BitGetSpot/Entity/ResponseWebSocketMessageAction.cs
ResponseWebSocketOrder	Market/Servers/BitGet/BitGetSpot/Entity/ResponseWebSocketMessageAction.cs
FeeDetailOrder	Market/Servers/BitGet/BitGetSpot/Entity/ResponseWebSocketMessageAction.cs
ResponseWebSocketMyTrade	Market/Servers/BitGet/BitGetSpot/Entity/ResponseWebSocketMessageAction.cs
FeeDetailMyTrade	Market/Servers/BitGet/BitGetSpot/Entity/ResponseWebSocketMessageAction.cs
ResponseWebSocketAccount	Market/Servers/BitGet/BitGetSpot/Entity/ResponseWebSocketMessageAction.cs
ResponseMessagePositions	Market/Servers/BitGet/BitGetSpot/Entity/ResponseWebSocketMessageAction.cs
TickerItem	Market/Servers/BitGet/BitGetSpot/Entity/ResponseWebSocketMessageAction.cs
BitGetDataServer	Market/Servers/BitGetData/BitGetDataServer.cs
BitGetDataServerRealization	Market/Servers/BitGetData/BitGetDataServer.cs
BitGetDataServerPermission	Market/Servers/BitGetData/BitGetDataServerPermission.cs
BitGetDataSecurityResp	Market/Servers/BitGetData/Entity/BitGetDataSecurityResp.cs
BitGetDataSymbol	Market/Servers/BitGetData/Entity/BitGetDataSecurityResp.cs
BitGetUnifiedServer	Market/Servers/BitGetUnified/BitGetUnifiedServer.cs
BitGetUnifiedServerRealization	Market/Servers/BitGetUnified/BitGetUnifiedServer.cs
OpenInterestData	Market/Servers/BitGetUnified/BitGetUnifiedServer.cs
BitGetUnifiedServerPermission	Market/Servers/BitGetUnified/BitGetUnifiedServerPermission.cs
BGUResponseWebSockets	Market/Servers/BitGetUnified/Entity/BGUResponseWebSockets.cs
Arg	Market/Servers/BitGetUnified/Entity/BGUResponseWebSockets.cs
BGUnifiedAccount	Market/Servers/BitGetUnified/Entity/BGUResponseWebSockets.cs
BGUnifiedCoin	Market/Servers/BitGetUnified/Entity/BGUResponseWebSockets.cs
BGUnifiedDepth	Market/Servers/BitGetUnified/Entity/BGUResponseWebSockets.cs
BGUnifiedPublicTrade	Market/Servers/BitGetUnified/Entity/BGUResponseWebSockets.cs
BGUnifiedPositions	Market/Servers/BitGetUnified/Entity/BGUResponseWebSockets.cs
BGUnifiedOrder	Market/Servers/BitGetUnified/Entity/BGUResponseWebSockets.cs
FeeDetail	Market/Servers/BitGetUnified/Entity/BGUResponseWebSockets.cs
BGUnifiedTrade	Market/Servers/BitGetUnified/Entity/BGUResponseWebSockets.cs
BGUnifiedTicker	Market/Servers/BitGetUnified/Entity/BGUResponseWebSockets.cs
BGUnifiedMyTrade	Market/Servers/BitGetUnified/Entity/BGUResponseWebSockets.cs
BGUWebsocketAuth	Market/Servers/BitGetUnified/Entity/BGUWebsocketAuth.cs
AuthItem	Market/Servers/BitGetUnified/Entity/BGUWebsocketAuth.cs
BitGetUnifiedResponse	Market/Servers/BitGetUnified/Entity/BitGetUnifiedResponse.cs
BitGetUnifiedInstrument	Market/Servers/BitGetUnified/Entity/BitGetUnifiedResponse.cs
BGUFundingItem	Market/Servers/BitGetUnified/Entity/BitGetUnifiedResponse.cs
BGUFundingHistory	Market/Servers/BitGetUnified/Entity/BitGetUnifiedResponse.cs
BGUFundingHistoryItem	Market/Servers/BitGetUnified/Entity/BitGetUnifiedResponse.cs
UnifiedAccountInfo	Market/Servers/BitGetUnified/Entity/BitGetUnifiedResponse.cs
Symbolconfiglist	Market/Servers/BitGetUnified/Entity/BitGetUnifiedResponse.cs
Coinconfiglist	Market/Servers/BitGetUnified/Entity/BitGetUnifiedResponse.cs
AccountData	Market/Servers/BitGetUnified/Entity/BitGetUnifiedResponse.cs
Asset	Market/Servers/BitGetUnified/Entity/BitGetUnifiedResponse.cs
BGUPositions	Market/Servers/BitGetUnified/Entity/BitGetUnifiedResponse.cs
BGUPos	Market/Servers/BitGetUnified/Entity/BitGetUnifiedResponse.cs
BGUOrderResponse	Market/Servers/BitGetUnified/Entity/BitGetUnifiedResponse.cs
BGUOrderInfo	Market/Servers/BitGetUnified/Entity/BitGetUnifiedResponse.cs
BGUOrders	Market/Servers/BitGetUnified/Entity/BitGetUnifiedResponse.cs
BGUHistoryMyTrades	Market/Servers/BitGetUnified/Entity/BitGetUnifiedResponse.cs
BGUMyTrade	Market/Servers/BitGetUnified/Entity/BitGetUnifiedResponse.cs
BGUOiData	Market/Servers/BitGetUnified/Entity/BitGetUnifiedResponse.cs
BGUOpenInterest	Market/Servers/BitGetUnified/Entity/BitGetUnifiedResponse.cs
TickersItem	Market/Servers/BitGetUnified/Entity/BitGetUnifiedResponse.cs
BitMartFuturesServer	Market/Servers/BitMart/BitMartFutures/BitMartFutures.cs
BitMartFuturesServerRealization	Market/Servers/BitMart/BitMartFutures/BitMartFutures.cs
OpenInterestData	Market/Servers/BitMart/BitMartFutures/BitMartFutures.cs
BitMartFuturesServerPermission	Market/Servers/BitMart/BitMartFutures/BitMartFuturesServerPermission.cs
NewOrderBitMartRequest	Market/Servers/BitMart/BitMartFutures/Entity/BitMartOrdersRest.cs
NewOrderBitMartResponce	Market/Servers/BitMart/BitMartFutures/Entity/BitMartOrdersRest.cs
CancelOrderBitMartRequest	Market/Servers/BitMart/BitMartFutures/Entity/BitMartOrdersRest.cs
GetTradesBitMartRequest	Market/Servers/BitMart/BitMartFutures/Entity/BitMartOrdersRest.cs
BitMartTrade	Market/Servers/BitMart/BitMartFutures/Entity/BitMartOrdersRest.cs
BitMartTrades	Market/Servers/BitMart/BitMartFutures/Entity/BitMartOrdersRest.cs
BitMartRestOrder	Market/Servers/BitMart/BitMartFutures/Entity/BitMartOrdersRest.cs
BitMartRestOrders	Market/Servers/BitMart/BitMartFutures/Entity/BitMartOrdersRest.cs
LastTrade	Market/Servers/BitMart/BitMartFutures/Entity/BitMartOrdersSocket.cs
BitMartOrder	Market/Servers/BitMart/BitMartFutures/Entity/BitMartOrdersSocket.cs
BitMartOrderAction	Market/Servers/BitMart/BitMartFutures/Entity/BitMartOrdersSocket.cs
BitMartPortfolioRest	Market/Servers/BitMart/BitMartFutures/Entity/BitMartPortfolioRest.cs
BalanceData	Market/Servers/BitMart/BitMartFutures/Entity/BitMartPortfolioRest.cs
BitMartBalanceDetail	Market/Servers/BitMart/BitMartFutures/Entity/BitMartPortfolioSocket.cs
BitMartPosition	Market/Servers/BitMart/BitMartFutures/Entity/BitMartPortfolioSocket.cs
BitMartBaseMessage	Market/Servers/BitMart/BitMartFutures/Entity/BitMartSecurityRest.cs
BitMartSecurityRest	Market/Servers/BitMart/BitMartFutures/Entity/BitMartSecurityRest.cs
SecurityData	Market/Servers/BitMart/BitMartFutures/Entity/BitMartSecurityRest.cs
BitMartSymbol	Market/Servers/BitMart/BitMartFutures/Entity/BitMartSecurityRest.cs
BitMartCandlesHistory	Market/Servers/BitMart/BitMartFutures/Entity/BitMartSecurityRest.cs
BitMartCandle	Market/Servers/BitMart/BitMartFutures/Entity/BitMartSecurityRest.cs
FundingItem	Market/Servers/BitMart/BitMartFutures/Entity/BitMartSecurityRest.cs
FundingItemHistory	Market/Servers/BitMart/BitMartFutures/Entity/BitMartSecurityRest.cs
SoketBaseMessage	Market/Servers/BitMart/BitMartFutures/Entity/BitMartSecuritySocket.cs
MarketTrade	Market/Servers/BitMart/BitMartFutures/Entity/BitMartSecuritySocket.cs
MarketDepthBitMart	Market/Servers/BitMart/BitMartFutures/Entity/BitMartSecuritySocket.cs
MarketDepthLevelBitMart	Market/Servers/BitMart/BitMartFutures/Entity/BitMartSecuritySocket.cs
FundingData	Market/Servers/BitMart/BitMartFutures/Entity/BitMartSecuritySocket.cs
BitMartSpotServer	Market/Servers/BitMart/BitMartSpot/BitMartSpotServer.cs
BitMartServerRealization	Market/Servers/BitMart/BitMartSpot/BitMartSpotServer.cs
BitMartSpotServerPermission	Market/Servers/BitMart/BitMartSpot/BitMartSpotServerPermission.cs
NewOrderBitMartRequest	Market/Servers/BitMart/BitMartSpot/Entity/BitMartOrdersRest.cs
CancelOrderBitMartRequest	Market/Servers/BitMart/BitMartSpot/Entity/BitMartOrdersRest.cs
GetTradesBitMartRequest	Market/Servers/BitMart/BitMartSpot/Entity/BitMartOrdersRest.cs
NewOrderBitMartResponce	Market/Servers/BitMart/BitMartSpot/Entity/BitMartOrdersRest.cs
BitMartTrade	Market/Servers/BitMart/BitMartSpot/Entity/BitMartOrdersRest.cs
BitMartOrder	Market/Servers/BitMart/BitMartSpot/Entity/BitMartOrdersRest.cs
BitMartOrders	Market/Servers/BitMart/BitMartSpot/Entity/BitMartOrdersRest.cs
BitMartRestOrder	Market/Servers/BitMart/BitMartSpot/Entity/BitMartOrdersRest.cs
BitMartRestOrdersBaseMessage	Market/Servers/BitMart/BitMartSpot/Entity/BitMartOrdersRest.cs
PortfolioData	Market/Servers/BitMart/BitMartSpot/Entity/BitMartPortfolioRest.cs
BitMartSpotPortfolioItem	Market/Servers/BitMart/BitMartSpot/Entity/BitMartPortfolioRest.cs
BitMartBalanceDetail	Market/Servers/BitMart/BitMartSpot/Entity/BitMartPortfolioSocket.cs
BitMartPortfolioItem	Market/Servers/BitMart/BitMartSpot/Entity/BitMartPortfolioSocket.cs
BitMartPortfolioSocket	Market/Servers/BitMart/BitMartSpot/Entity/BitMartPortfolioSocket.cs
BitMartBaseMessage	Market/Servers/BitMart/BitMartSpot/Entity/BitMartSecurityRest.cs
SecurityData	Market/Servers/BitMart/BitMartSpot/Entity/BitMartSecurityRest.cs
BitMartSecurityRest	Market/Servers/BitMart/BitMartSpot/Entity/BitMartSecurityRest.cs
BitMartCandle	Market/Servers/BitMart/BitMartSpot/Entity/BitMartSecurityRest.cs
SoketBaseMessage	Market/Servers/BitMart/BitMartSpot/Entity/BitMartSecuritySocket.cs
MarketQuotesMessage	Market/Servers/BitMart/BitMartSpot/Entity/BitMartSecuritySocket.cs
QuotesBitMart	Market/Servers/BitMart/BitMartSpot/Entity/BitMartSecuritySocket.cs
MarketDepthFullMessage	Market/Servers/BitMart/BitMartSpot/Entity/BitMartSecuritySocket.cs
MarketDepthBitMart	Market/Servers/BitMart/BitMartSpot/Entity/BitMartSecuritySocket.cs
MarketDepthLevelBitMart	Market/Servers/BitMart/BitMartSpot/Entity/BitMartSecuritySocket.cs
BloFinFuturesServer	Market/Servers/BloFin/BloFinFutures/BloFinFuturesServer.cs
BloFinFuturesServerRealization	Market/Servers/BloFin/BloFinFutures/BloFinFuturesServer.cs
BloFinFuturesServerPermission	Market/Servers/BloFin/BloFinFutures/BloFinFuturesServerPermission.cs
ResponseRestMessage	Market/Servers/BloFin/BloFinFutures/Entity/ResponseRestMessage.cs
APIKeyInfoData	Market/Servers/BloFin/BloFinFutures/Entity/ResponseRestMessage.cs
RestMessageInstruments	Market/Servers/BloFin/BloFinFutures/Entity/ResponseRestMessage.cs
RestMessageBalance	Market/Servers/BloFin/BloFinFutures/Entity/ResponseRestMessage.cs
Detail	Market/Servers/BloFin/BloFinFutures/Entity/ResponseRestMessage.cs
RestMessagePosition	Market/Servers/BloFin/BloFinFutures/Entity/ResponseRestMessage.cs
RestMessageCandle	Market/Servers/BloFin/BloFinFutures/Entity/ResponseRestMessage.cs
RestMessagePositionMode	Market/Servers/BloFin/BloFinFutures/Entity/ResponseRestMessage.cs
RestMessageMarginMode	Market/Servers/BloFin/BloFinFutures/Entity/ResponseRestMessage.cs
RestMessageSendOrder	Market/Servers/BloFin/BloFinFutures/Entity/ResponseRestMessage.cs
RestMessageOrder	Market/Servers/BloFin/BloFinFutures/Entity/ResponseRestMessage.cs
RestMessageTrade	Market/Servers/BloFin/BloFinFutures/Entity/ResponseRestMessage.cs
ResponseWebSocketMessage	Market/Servers/BloFin/BloFinFutures/Entity/ResponseWebSocketMessage.cs
ResponseWebSocketMessageSubscribe	Market/Servers/BloFin/BloFinFutures/Entity/ResponseWebSocketMessage.cs
ResponseWebSocketMessageArg	Market/Servers/BloFin/BloFinFutures/Entity/ResponseWebSocketMessage.cs
ResponseWebSocketTrades	Market/Servers/BloFin/BloFinFutures/Entity/ResponseWebSocketMessage.cs
ResponseWebSocketDepth	Market/Servers/BloFin/BloFinFutures/Entity/ResponseWebSocketMessage.cs
ResponseWebSocketOrder	Market/Servers/BloFin/BloFinFutures/Entity/ResponseWebSocketMessage.cs
ResponseWebSocketPosition	Market/Servers/BloFin/BloFinFutures/Entity/ResponseWebSocketMessage.cs
ResponseWebSocketAccount	Market/Servers/BloFin/BloFinFutures/Entity/ResponseWebSocketMessage.cs
ResponseWebSockeDetail	Market/Servers/BloFin/BloFinFutures/Entity/ResponseWebSocketMessage.cs
BybitServer	Market/Servers/Bybit/BybitServer.cs
BybitServerRealization	Market/Servers/Bybit/BybitServer.cs
Tickers	Market/Servers/Bybit/BybitServer.cs
Net_type	Market/Servers/Bybit/BybitServer.cs
MarginMode	Market/Servers/Bybit/BybitServer.cs
Category	Market/Servers/Bybit/BybitServer.cs
BybitServerPermission	Market/Servers/Bybit/BybitServerPermission.cs
ResponseRestMessage	Market/Servers/Bybit/Entities/ResponseRestMessage.cs
ResponseRestMessageList	Market/Servers/Bybit/Entities/ResponseRestMessage.cs
TimeServer	Market/Servers/Bybit/Entities/ResponseRestMessage.cs
ResultMode	Market/Servers/Bybit/Entities/ResponseRestMessage.cs
ReasonMode	Market/Servers/Bybit/Entities/ResponseRestMessage.cs
APKeyInformation	Market/Servers/Bybit/Entities/ResponseRestMessage.cs
Permissions	Market/Servers/Bybit/Entities/ResponseRestMessage.cs
LeverageFilter	Market/Servers/Bybit/Entities/ResponseRestMessage.cs
Symbols	Market/Servers/Bybit/Entities/ResponseRestMessage.cs
LotSizeFilter	Market/Servers/Bybit/Entities/ResponseRestMessage.cs
PriceFilter	Market/Servers/Bybit/Entities/ResponseRestMessage.cs
ArraySymbols	Market/Servers/Bybit/Entities/ResponseRestMessage.cs
RetExtInfo	Market/Servers/Bybit/Entities/ResponseRestMessage.cs
SendOrderResponse	Market/Servers/Bybit/Entities/ResponseRestMessage.cs
RetResalt	Market/Servers/Bybit/Entities/ResponseRestMessage.cs
RetTrade	Market/Servers/Bybit/Entities/ResponseRestMessage.cs
PositionOnBoardResult	Market/Servers/Bybit/Entities/ResponseRestMessage.cs
Result	Market/Servers/Bybit/Entities/ResponseRestMessage.cs
AccountBalance	Market/Servers/Bybit/Entities/ResponseRestMessage.cs
Coin	Market/Servers/Bybit/Entities/ResponseRestMessage.cs
ResponseMessageOrders	Market/Servers/Bybit/Entities/ResponseRestMessage.cs
ResponseMessageMyTrade	Market/Servers/Bybit/Entities/ResponseRestMessage.cs
ResponseWebSocketMessage	Market/Servers/Bybit/Entities/ResponseWebSocketMessage.cs
ResponseWebSocketMessageList	Market/Servers/Bybit/Entities/ResponseWebSocketMessage.cs
ResponseWebSocketMyMessage	Market/Servers/Bybit/Entities/ResponseWebSocketMessage.cs
ResponseMyTrades	Market/Servers/Bybit/Entities/ResponseWebSocketMessage.cs
SubscribeMessage	Market/Servers/Bybit/Entities/ResponseWebSocketMessage.cs
ResponseTrade	Market/Servers/Bybit/Entities/ResponseWebSocketMessage.cs
ResponseOrderBook	Market/Servers/Bybit/Entities/ResponseWebSocketMessage.cs
ResponseOrder	Market/Servers/Bybit/Entities/ResponseWebSocketMessage.cs
ResponseTicker	Market/Servers/Bybit/Entities/ResponseWebSocketMessage.cs
BybitDataServer	Market/Servers/BybitData/BybitDataServer.cs
BybitDataServerRealization	Market/Servers/BybitData/BybitDataServer.cs
BybitDataServerPermission	Market/Servers/BybitData/BybitDataServerPermission.cs
ByBitDataResponse	Market/Servers/BybitData/Entity/ByBitDataResponse.cs
ListSymbols	Market/Servers/BybitData/Entity/ByBitDataResponse.cs
Symbol	Market/Servers/BybitData/Entity/ByBitDataResponse.cs
BybitDataCandlesResponse	Market/Servers/BybitData/Entity/ByBitDataResponse.cs
RetResalt	Market/Servers/BybitData/Entity/ByBitDataResponse.cs
CoinExServerFutures	Market/Servers/CoinEx/Futures/CoinExServerFutures.cs
CoinExServerRealization	Market/Servers/CoinEx/Futures/CoinExServerFutures.cs
OpenInterestData	Market/Servers/CoinEx/Futures/CoinExServerFutures.cs
CoinExServerFuturesPermission	Market/Servers/CoinEx/Futures/CoinExServerFuturesPermission.cs
ResponseRestMessage	Market/Servers/CoinEx/Futures/Entity/ResponseRestMessage.cs
Pagination	Market/Servers/CoinEx/Futures/Entity/ResponseRestMessage.cs
BalanceData	Market/Servers/CoinEx/Futures/Entity/ResponseRestMessage.cs
ResponseCandle	Market/Servers/CoinEx/Futures/Entity/ResponseRestMessage.cs
PositionData	Market/Servers/CoinEx/Futures/Entity/ResponseRestMessage.cs
MarketInfoData	Market/Servers/CoinEx/Futures/Entity/ResponseRestMessage.cs
OrderRestResponse	Market/Servers/CoinEx/Futures/Entity/ResponseRestMessage.cs
MyTradeRestResponse	Market/Servers/CoinEx/Futures/Entity/ResponseRestMessage.cs
FundingRateRestResponse	Market/Servers/CoinEx/Futures/Entity/ResponseRestMessage.cs
FundingDataHistory	Market/Servers/CoinEx/Futures/Entity/ResponseRestMessage.cs
ResponseWebSocketMessage	Market/Servers/CoinEx/Futures/Entity/ResponseWebSocketMessage.cs
ResponseTrade	Market/Servers/CoinEx/Futures/Entity/ResponseWebSocketMessage.cs
DealData	Market/Servers/CoinEx/Futures/Entity/ResponseWebSocketMessage.cs
ResponseDepth	Market/Servers/CoinEx/Futures/Entity/ResponseWebSocketMessage.cs
DepthData	Market/Servers/CoinEx/Futures/Entity/ResponseWebSocketMessage.cs
ResponseWSOrder	Market/Servers/CoinEx/Futures/Entity/ResponseWebSocketMessage.cs
ResponseWSBalance	Market/Servers/CoinEx/Futures/Entity/ResponseWebSocketMessage.cs
BalanceWSData	Market/Servers/CoinEx/Futures/Entity/ResponseWebSocketMessage.cs
OrderWSData	Market/Servers/CoinEx/Futures/Entity/ResponseWebSocketMessage.cs
ResponseUserDeal	Market/Servers/CoinEx/Futures/Entity/ResponseWebSocketMessage.cs
ResponseWSState	Market/Servers/CoinEx/Futures/Entity/ResponseWebSocketMessage.cs
StateWSData	Market/Servers/CoinEx/Futures/Entity/ResponseWebSocketMessage.cs
CoinExServerSpot	Market/Servers/CoinEx/Spot/CoinExServerSpot.cs
CoinExServerRealization	Market/Servers/CoinEx/Spot/CoinExServerSpot.cs
MarketType	Market/Servers/CoinEx/Spot/CoinExServerSpot.cs
CoinExServerSpotPermission	Market/Servers/CoinEx/Spot/CoinExServerSpotPermission.cs
ResponseRestMessage	Market/Servers/CoinEx/Spot/Entity/ResponseRestMessage.cs
Pagination	Market/Servers/CoinEx/Spot/Entity/ResponseRestMessage.cs
SpotMarketInfo	Market/Servers/CoinEx/Spot/Entity/ResponseRestMessage.cs
ResponseCandle	Market/Servers/CoinEx/Spot/Entity/ResponseRestMessage.cs
ResponseBalanceSpot	Market/Servers/CoinEx/Spot/Entity/ResponseRestMessage.cs
ResponseBalanceMargin	Market/Servers/CoinEx/Spot/Entity/ResponseRestMessage.cs
CurrencyAmount	Market/Servers/CoinEx/Spot/Entity/ResponseRestMessage.cs
SpotOrderResponse	Market/Servers/CoinEx/Spot/Entity/ResponseRestMessage.cs
MyTradeSpotResponse	Market/Servers/CoinEx/Spot/Entity/ResponseRestMessage.cs
ResponseWebSocketMessage	Market/Servers/CoinEx/Spot/Entity/ResponseWebSocketMessage.cs
ResponseDeal	Market/Servers/CoinEx/Spot/Entity/ResponseWebSocketMessage.cs
DealData	Market/Servers/CoinEx/Spot/Entity/ResponseWebSocketMessage.cs
ResponseDepthUpdate	Market/Servers/CoinEx/Spot/Entity/ResponseWebSocketMessage.cs
DepthData	Market/Servers/CoinEx/Spot/Entity/ResponseWebSocketMessage.cs
ResponseWSOrder	Market/Servers/CoinEx/Spot/Entity/ResponseWebSocketMessage.cs
OrderWSData	Market/Servers/CoinEx/Spot/Entity/ResponseWebSocketMessage.cs
ResponseUserDeal	Market/Servers/CoinEx/Spot/Entity/ResponseWebSocketMessage.cs
ResponseWSBalance	Market/Servers/CoinEx/Spot/Entity/ResponseWebSocketMessage.cs
BalanceWSData	Market/Servers/CoinEx/Spot/Entity/ResponseWebSocketMessage.cs
ComparePositionsModule	Market/Servers/ComparePositionsModule.cs
ComparePositionsPortfolio	Market/Servers/ComparePositionsModule.cs
ComparePositionsSecurity	Market/Servers/ComparePositionsModule.cs
ComparePositionsStatus	Market/Servers/ComparePositionsModule.cs
ComparePositionsVerificationPeriod	Market/Servers/ComparePositionsModule.cs
ComparePositionsModuleUi	Market/Servers/ComparePositionsModuleUi.xaml.cs
DeribitServer	Market/Servers/Deribit/DeribitServer.cs
DeribitServerRealization	Market/Servers/Deribit/DeribitServer.cs
DeribitServerPermission	Market/Servers/Deribit/DeribitServerPermission.cs
JsonRequest	Market/Servers/Deribit/Entity/JsonRequest.cs
Params	Market/Servers/Deribit/Entity/JsonRequest.cs
ResponseMessageError	Market/Servers/Deribit/Entity/ResponseMessageRest.cs
Error	Market/Servers/Deribit/Entity/ResponseMessageRest.cs
Data	Market/Servers/Deribit/Entity/ResponseMessageRest.cs
ResponseMessageSendOrder	Market/Servers/Deribit/Entity/ResponseMessageRest.cs
Result	Market/Servers/Deribit/Entity/ResponseMessageRest.cs
Order	Market/Servers/Deribit/Entity/ResponseMessageRest.cs
ResponseMessageSecurities	Market/Servers/Deribit/Entity/ResponseMessageRest.cs
Result	Market/Servers/Deribit/Entity/ResponseMessageRest.cs
ResponseMessagePortfolios	Market/Servers/Deribit/Entity/ResponseMessageRest.cs
Result	Market/Servers/Deribit/Entity/ResponseMessageRest.cs
ResponseMessagePositions	Market/Servers/Deribit/Entity/ResponseMessageRest.cs
Result	Market/Servers/Deribit/Entity/ResponseMessageRest.cs
ResponseMessageCandles	Market/Servers/Deribit/Entity/ResponseMessageRest.cs
Result	Market/Servers/Deribit/Entity/ResponseMessageRest.cs
ResponseMessageAllOrders	Market/Servers/Deribit/Entity/ResponseMessageRest.cs
Result	Market/Servers/Deribit/Entity/ResponseMessageRest.cs
ResponseMessageGetOrder	Market/Servers/Deribit/Entity/ResponseMessageRest.cs
Result	Market/Servers/Deribit/Entity/ResponseMessageRest.cs
ResponseMessageGetMyTradesBySecurity	Market/Servers/Deribit/Entity/ResponseMessageRest.cs
Result	Market/Servers/Deribit/Entity/ResponseMessageRest.cs
ResponseWebSocketMessage	Market/Servers/Deribit/Entity/ResponseWebSocketMessage.cs
ResponseWebsocketMessageParams	Market/Servers/Deribit/Entity/ResponseWebSocketMessage.cs
ResponseWebSocketMessageSubscribe	Market/Servers/Deribit/Entity/ResponseWebSocketMessage.cs
ResponseChannelTrades	Market/Servers/Deribit/Entity/ResponseWebSocketMessage.cs
Params	Market/Servers/Deribit/Entity/ResponseWebSocketMessage.cs
Data	Market/Servers/Deribit/Entity/ResponseWebSocketMessage.cs
ResponseChannelGreeks	Market/Servers/Deribit/Entity/ResponseWebSocketMessage.cs
Params	Market/Servers/Deribit/Entity/ResponseWebSocketMessage.cs
Data	Market/Servers/Deribit/Entity/ResponseWebSocketMessage.cs
Greeks	Market/Servers/Deribit/Entity/ResponseWebSocketMessage.cs
ResponseChannelBook	Market/Servers/Deribit/Entity/ResponseWebSocketMessage.cs
Params	Market/Servers/Deribit/Entity/ResponseWebSocketMessage.cs
Data	Market/Servers/Deribit/Entity/ResponseWebSocketMessage.cs
ResponseChannelUserOrders	Market/Servers/Deribit/Entity/ResponseWebSocketMessage.cs
Params	Market/Servers/Deribit/Entity/ResponseWebSocketMessage.cs
Data	Market/Servers/Deribit/Entity/ResponseWebSocketMessage.cs
ResponseChannelUserTrades	Market/Servers/Deribit/Entity/ResponseWebSocketMessage.cs
Params	Market/Servers/Deribit/Entity/ResponseWebSocketMessage.cs
Data	Market/Servers/Deribit/Entity/ResponseWebSocketMessage.cs
ResponseWebSocketMessageAuth	Market/Servers/Deribit/Entity/ResponseWebSocketMessage.cs
Result	Market/Servers/Deribit/Entity/ResponseWebSocketMessage.cs
ResponseChannelPortfolio	Market/Servers/Deribit/Entity/ResponseWebSocketMessage.cs
Params	Market/Servers/Deribit/Entity/ResponseWebSocketMessage.cs
Data	Market/Servers/Deribit/Entity/ResponseWebSocketMessage.cs
ResponseChannelUserChanges	Market/Servers/Deribit/Entity/ResponseWebSocketMessage.cs
Params	Market/Servers/Deribit/Entity/ResponseWebSocketMessage.cs
Data	Market/Servers/Deribit/Entity/ResponseWebSocketMessage.cs
Trades	Market/Servers/Deribit/Entity/ResponseWebSocketMessage.cs
Positions	Market/Servers/Deribit/Entity/ResponseWebSocketMessage.cs
Orders	Market/Servers/Deribit/Entity/ResponseWebSocketMessage.cs
BidAskSender	Market/Servers/Entity/BidAskSender.cs
MarshalUtf8	Market/Servers/Entity/MarshalUTF8.cs
OrderSender	Market/Servers/Entity/OrderSender.cs
RateGate	Market/Servers/Entity/RateGate.cs
IServerParameter	Market/Servers/Entity/ServerParameter.cs
ServerParameterType	Market/Servers/Entity/ServerParameter.cs
ServerParameterString	Market/Servers/Entity/ServerParameter.cs
ServerParameterDecimal	Market/Servers/Entity/ServerParameter.cs
ServerParameterInt	Market/Servers/Entity/ServerParameter.cs
ServerParameterBool	Market/Servers/Entity/ServerParameter.cs
ServerParameterPassword	Market/Servers/Entity/ServerParameter.cs
ServerParameterPath	Market/Servers/Entity/ServerParameter.cs
ServerParameterEnum	Market/Servers/Entity/ServerParameter.cs
ServerParameterButton	Market/Servers/Entity/ServerParameter.cs
ServerWorkingTimeSettings	Market/Servers/Entity/ServerWorkingTimeSettings.cs
TimeManager	Market/Servers/Entity/TimeManager.cs
ResponseRestMessage	Market/Servers/ExMo/ExmoSpot/Entity/ResponseRestMessage.cs
SymbolItem	Market/Servers/ExMo/ExmoSpot/Entity/ResponseRestMessage.cs
MarketInfo	Market/Servers/ExMo/ExmoSpot/Entity/ResponseRestMessage.cs
BalanceResponse	Market/Servers/ExMo/ExmoSpot/Entity/ResponseRestMessage.cs
CandleItem	Market/Servers/ExMo/ExmoSpot/Entity/ResponseRestMessage.cs
CandlesResponse	Market/Servers/ExMo/ExmoSpot/Entity/ResponseRestMessage.cs
SendOrderResponse	Market/Servers/ExMo/ExmoSpot/Entity/ResponseRestMessage.cs
GetOrderResponse	Market/Servers/ExMo/ExmoSpot/Entity/ResponseRestMessage.cs
GetOrderItem	Market/Servers/ExMo/ExmoSpot/Entity/ResponseRestMessage.cs
GetOrderTrade	Market/Servers/ExMo/ExmoSpot/Entity/ResponseRestMessage.cs
OrderTradeItem	Market/Servers/ExMo/ExmoSpot/Entity/ResponseRestMessage.cs
MyTradeResponseRest	Market/Servers/ExMo/ExmoSpot/Entity/ResponseRestMessage.cs
TradeItem	Market/Servers/ExMo/ExmoSpot/Entity/ResponseRestMessage.cs
ResponseWebSocketMessage	Market/Servers/ExMo/ExmoSpot/Entity/ResponseWebSocketMessage.cs
WebSocketTrade	Market/Servers/ExMo/ExmoSpot/Entity/ResponseWebSocketMessage.cs
OrderBookData	Market/Servers/ExMo/ExmoSpot/Entity/ResponseWebSocketMessage.cs
MyTradeResponse	Market/Servers/ExMo/ExmoSpot/Entity/ResponseWebSocketMessage.cs
WalletData	Market/Servers/ExMo/ExmoSpot/Entity/ResponseWebSocketMessage.cs
OrdersSnapshot	Market/Servers/ExMo/ExmoSpot/Entity/ResponseWebSocketMessage.cs
OrderUpdate	Market/Servers/ExMo/ExmoSpot/Entity/ResponseWebSocketMessage.cs
ExmoSpotServer	Market/Servers/ExMo/ExmoSpot/ExmoSpotServer.cs
ExmoSpotServerRealization	Market/Servers/ExMo/ExmoSpot/ExmoSpotServer.cs
ExmoSpotServerPermission	Market/Servers/ExMo/ExmoSpot/ExmoSpotServerPermission.cs
FinamDataSeries	Market/Servers/Finam/Entity/FinamDataSeries.cs
FinamSecurity	Market/Servers/Finam/Entity/FinamSecurity.cs
FinamAuthWindow	Market/Servers/Finam/FinamAuthWindow.xaml.cs
FinamJwt	Market/Servers/Finam/FinamJwt.cs
FinamServer	Market/Servers/Finam/FinamServer.cs
FinamServerRealization	Market/Servers/Finam/FinamServer.cs
FinamServerPermission	Market/Servers/Finam/FinamServerPermission.cs
FinamTokenProvider	Market/Servers/Finam/FinamTokenProvider.cs
FinamGrpcServer	Market/Servers/FinamGrpc/FinamGrpcServer.cs
FinamGrpcServerRealization	Market/Servers/FinamGrpc/FinamGrpcServer.cs
TradesStreamReaderInfo	Market/Servers/FinamGrpc/FinamGrpcServer.cs
OrderBookStreamReaderInfo	Market/Servers/FinamGrpc/FinamGrpcServer.cs
FinamGrpcServerPermission	Market/Servers/FinamGrpc/FinamGrpcServerPermission.cs
Field	Market/Servers/FixProtocolEntities/Field.cs
FixEntity	Market/Servers/FixProtocolEntities/FixEntity.cs
StandartHeaderSettings	Market/Servers/FixProtocolEntities/StandartHeaderSettings.cs
BalanceResponse	Market/Servers/GateIo/GateIoFutures/Entities/BalanceResponse.cs
CancelOrderResponse	Market/Servers/GateIo/GateIoFutures/Entities/CancelOrderResponse.cs
CreateOrderRequest	Market/Servers/GateIo/GateIoFutures/Entities/CreateOrderRequest.cs
CreateOrderRequestDoubleModeClose	Market/Servers/GateIo/GateIoFutures/Entities/CreateOrderRequest.cs
CreateOrderResponse	Market/Servers/GateIo/GateIoFutures/Entities/CreateOrderResponse.cs
DataCandle	Market/Servers/GateIo/GateIoFutures/Entities/DataCandle.cs
DataTrade	Market/Servers/GateIo/GateIoFutures/Entities/DataTrade.cs
FuturesPing	Market/Servers/GateIo/GateIoFutures/Entities/FuturesPing.cs
FuturesPong	Market/Servers/GateIo/GateIoFutures/Entities/FuturesPing.cs
GfAccount	Market/Servers/GateIo/GateIoFutures/Entities/GfAccount.cs
CancelOrderResponseHistory	Market/Servers/GateIo/GateIoFutures/Entities/GfAccount.cs
GfContractStat	Market/Servers/GateIo/GateIoFutures/Entities/GfContractStat.cs
ContractStat	Market/Servers/GateIo/GateIoFutures/Entities/GfContractStat.cs
GfPosition	Market/Servers/GateIo/GateIoFutures/Entities/GfPosition.cs
CloseOrder	Market/Servers/GateIo/GateIoFutures/Entities/GfPosition.cs
GfSecurity	Market/Servers/GateIo/GateIoFutures/Entities/GfSecurity.cs
GfTicker	Market/Servers/GateIo/GateIoFutures/Entities/GfTicker.cs
TickerItem	Market/Servers/GateIo/GateIoFutures/Entities/GfTicker.cs
FundingItemHistory	Market/Servers/GateIo/GateIoFutures/Entities/GfTicker.cs
GfTrades	Market/Servers/GateIo/GateIoFutures/Entities/GfTrades.cs
GfTradeResult	Market/Servers/GateIo/GateIoFutures/Entities/GfTrades.cs
MdResponse	Market/Servers/GateIo/GateIoFutures/Entities/MdResponse.cs
Ask	Market/Servers/GateIo/GateIoFutures/Entities/MdResponse.cs
Bid	Market/Servers/GateIo/GateIoFutures/Entities/MdResponse.cs
PositionResponseSwap	Market/Servers/GateIo/GateIoFutures/Entities/PositionResponseSwap.cs
UserTradeResponse	Market/Servers/GateIo/GateIoFutures/Entities/UserTradeResponse.cs
GateFuturesWsRequest	Market/Servers/GateIo/GateIoFutures/Entities/WsRequestBuilder.cs
Auth	Market/Servers/GateIo/GateIoFutures/Entities/WsRequestBuilder.cs
GateIoServerFutures	Market/Servers/GateIo/GateIoFutures/GateIoServerFutures.cs
GateIoServerFuturesRealization	Market/Servers/GateIo/GateIoFutures/GateIoServerFutures.cs
GateIoServerFuturesPermission	Market/Servers/GateIo/GateIoFutures/GateIoServerFuturesPermission.cs
ApiEntities	Market/Servers/GateIo/GateIoSpot/Entities/ApiEntities.cs
CurrencyPair	Market/Servers/GateIo/GateIoSpot/Entities/ApiEntities.cs
GetCurrencyVolumeResponse	Market/Servers/GateIo/GateIoSpot/Entities/ApiEntities.cs
MessageDepths	Market/Servers/GateIo/GateIoSpot/Entities/ApiEntities.cs
MessagePublicTrades	Market/Servers/GateIo/GateIoSpot/Entities/ApiEntities.cs
MessageUserTrade	Market/Servers/GateIo/GateIoSpot/Entities/ApiEntities.cs
OrderResponse	Market/Servers/GateIo/GateIoSpot/Entities/ApiEntities.cs
MessageUserOrder	Market/Servers/GateIo/GateIoSpot/Entities/ApiEntities.cs
TickerItem	Market/Servers/GateIo/GateIoSpot/Entities/ApiEntities.cs
CurrencyBalance	Market/Servers/GateIo/GateIoSpot/Entities/PortfolioUpdateEvent.cs
GateIoServerSpot	Market/Servers/GateIo/GateIoSpot/GateIoServerSpot.cs
GateIoServerSpotRealization	Market/Servers/GateIo/GateIoSpot/GateIoServerSpot.cs
GateIoSpotServerPermission	Market/Servers/GateIo/GateIoSpot/GateIoSpotServerPermission.cs
ResponseWebsocketMessage	Market/Servers/GateIo/ResponseWebsocketMessage.cs
GateDataTradeResponse	Market/Servers/GateIoData/Entity/GateDataTradeResponse.cs
GateFutCandlesResp	Market/Servers/GateIoData/Entity/GateFutCandlesResp.cs
GateSecurityResponse	Market/Servers/GateIoData/Entity/GateSecurityResponse.cs
GateFutSecurityInfo	Market/Servers/GateIoData/Entity/GateSecurityResponse.cs
GateIoDataServer	Market/Servers/GateIoData/GateIoDataServer.cs
GateIoDataServerRealization	Market/Servers/GateIoData/GateIoDataServer.cs
GateIoDataServerPermission	Market/Servers/GateIoData/GateIoDataServerPermission.cs
WebSocketAuthenticationRequestFutures	Market/Servers/HTX/Futures/Entity/RequestWebsocketMessage.cs
ResponseMessageSecurities	Market/Servers/HTX/Futures/Entity/ResponseMessageRest.cs
Data	Market/Servers/HTX/Futures/Entity/ResponseMessageRest.cs
ResponseMessagePortfolios	Market/Servers/HTX/Futures/Entity/ResponseMessageRest.cs
Data	Market/Servers/HTX/Futures/Entity/ResponseMessageRest.cs
ResponseMessagePositions	Market/Servers/HTX/Futures/Entity/ResponseMessageRest.cs
Data	Market/Servers/HTX/Futures/Entity/ResponseMessageRest.cs
ResponseMessageCandles	Market/Servers/HTX/Futures/Entity/ResponseMessageRest.cs
Data	Market/Servers/HTX/Futures/Entity/ResponseMessageRest.cs
PlaceOrderResponse	Market/Servers/HTX/Futures/Entity/ResponseMessageRest.cs
Data	Market/Servers/HTX/Futures/Entity/ResponseMessageRest.cs
ResponseMessageAllOrders	Market/Servers/HTX/Futures/Entity/ResponseMessageRest.cs
Data	Market/Servers/HTX/Futures/Entity/ResponseMessageRest.cs
Orders	Market/Servers/HTX/Futures/Entity/ResponseMessageRest.cs
ResponseMessageGetOrder	Market/Servers/HTX/Futures/Entity/ResponseMessageRest.cs
Data	Market/Servers/HTX/Futures/Entity/ResponseMessageRest.cs
ResponseMessageGetMyTradesBySecurity	Market/Servers/HTX/Futures/Entity/ResponseMessageRest.cs
Data	Market/Servers/HTX/Futures/Entity/ResponseMessageRest.cs
Trades	Market/Servers/HTX/Futures/Entity/ResponseMessageRest.cs
ResponseChannelTrades	Market/Servers/HTX/Futures/Entity/ResponseWebSocketMessage.cs
Tick	Market/Servers/HTX/Futures/Entity/ResponseWebSocketMessage.cs
Data	Market/Servers/HTX/Futures/Entity/ResponseWebSocketMessage.cs
ResponseChannelBook	Market/Servers/HTX/Futures/Entity/ResponseWebSocketMessage.cs
Tick	Market/Servers/HTX/Futures/Entity/ResponseWebSocketMessage.cs
ResponseChannelUpdateOrder	Market/Servers/HTX/Futures/Entity/ResponseWebSocketMessage.cs
Trade	Market/Servers/HTX/Futures/Entity/ResponseWebSocketMessage.cs
ResponseChannelPortfolio	Market/Servers/HTX/Futures/Entity/ResponseWebSocketMessage.cs
Data	Market/Servers/HTX/Futures/Entity/ResponseWebSocketMessage.cs
ResponseChannelUpdatePositions	Market/Servers/HTX/Futures/Entity/ResponseWebSocketMessage.cs
Data	Market/Servers/HTX/Futures/Entity/ResponseWebSocketMessage.cs
ResponsePingPrivate	Market/Servers/HTX/Futures/Entity/ResponseWebSocketMessage.cs
ResponsePingPublic	Market/Servers/HTX/Futures/Entity/ResponseWebSocketMessage.cs
HTXFuturesServer	Market/Servers/HTX/Futures/HTXFuturesServer.cs
HTXFuturesServerRealization	Market/Servers/HTX/Futures/HTXFuturesServer.cs
HTXFuturesServerPermission	Market/Servers/HTX/Futures/HTXFuturesServerPermission.cs
WebSocketAuthenticationRequestV2	Market/Servers/HTX/Spot/Entity/RequestWebsocketMessage.cs
Params	Market/Servers/HTX/Spot/Entity/RequestWebsocketMessage.cs
ResponseRestMessage	Market/Servers/HTX/Spot/Entity/ResponseMessageRest.cs
ResponseSecurities	Market/Servers/HTX/Spot/Entity/ResponseMessageRest.cs
ResponsePortfolios	Market/Servers/HTX/Spot/Entity/ResponseMessageRest.cs
ResponsePositions	Market/Servers/HTX/Spot/Entity/ResponseMessageRest.cs
Lists	Market/Servers/HTX/Spot/Entity/ResponseMessageRest.cs
ResponseCandles	Market/Servers/HTX/Spot/Entity/ResponseMessageRest.cs
PlaceOrderResponse	Market/Servers/HTX/Spot/Entity/ResponseMessageRest.cs
ResponseAllOrders	Market/Servers/HTX/Spot/Entity/ResponseMessageRest.cs
ResponseMessageGetOrder	Market/Servers/HTX/Spot/Entity/ResponseMessageRest.cs
Data	Market/Servers/HTX/Spot/Entity/ResponseMessageRest.cs
ResponseMyTrades	Market/Servers/HTX/Spot/Entity/ResponseMessageRest.cs
ResponseAccountValuation	Market/Servers/HTX/Spot/Entity/ResponseMessageRest.cs
Updated	Market/Servers/HTX/Spot/Entity/ResponseMessageRest.cs
ProfitAccountBalance	Market/Servers/HTX/Spot/Entity/ResponseMessageRest.cs
ResponseWebSocketMessage	Market/Servers/HTX/Spot/Entity/ResponseWebSocketMessage.cs
ResponsePing	Market/Servers/HTX/Spot/Entity/ResponseWebSocketMessage.cs
ResponsePingPrivate	Market/Servers/HTX/Spot/Entity/ResponseWebSocketMessage.cs
PingData	Market/Servers/HTX/Spot/Entity/ResponseWebSocketMessage.cs
TradesData	Market/Servers/HTX/Spot/Entity/ResponseWebSocketMessage.cs
ResponseTrades	Market/Servers/HTX/Spot/Entity/ResponseWebSocketMessage.cs
ResponseDepth	Market/Servers/HTX/Spot/Entity/ResponseWebSocketMessage.cs
ResponseChannelUpdateOrder	Market/Servers/HTX/Spot/Entity/ResponseWebSocketMessage.cs
Data	Market/Servers/HTX/Spot/Entity/ResponseWebSocketMessage.cs
ResponseMyTrade	Market/Servers/HTX/Spot/Entity/ResponseWebSocketMessage.cs
MyTradeData	Market/Servers/HTX/Spot/Entity/ResponseWebSocketMessage.cs
TickerItem	Market/Servers/HTX/Spot/Entity/ResponseWebSocketMessage.cs
HTXSpotServer	Market/Servers/HTX/Spot/HTXSpotServer.cs
HTXSpotServerRealization	Market/Servers/HTX/Spot/HTXSpotServer.cs
HTXSpotServerPermission	Market/Servers/HTX/Spot/HTXSpotServerPermission.cs
WebSocketAuthenticationRequestFutures	Market/Servers/HTX/Swap/Entity/RequestWebsocketMessage.cs
ResponseRestMessage	Market/Servers/HTX/Swap/Entity/ResponseMessageRest.cs
SecuritiesInfo	Market/Servers/HTX/Swap/Entity/ResponseMessageRest.cs
ResponseRest	Market/Servers/HTX/Swap/Entity/ResponseMessageRest.cs
PortfoliosUsdt	Market/Servers/HTX/Swap/Entity/ResponseMessageRest.cs
CrossFutureRest	Market/Servers/HTX/Swap/Entity/ResponseMessageRest.cs
CrossSwapRest	Market/Servers/HTX/Swap/Entity/ResponseMessageRest.cs
IsolatedSwapRest	Market/Servers/HTX/Swap/Entity/ResponseMessageRest.cs
PortfoliosCoin	Market/Servers/HTX/Swap/Entity/ResponseMessageRest.cs
ResponseMessagePositionsCoin	Market/Servers/HTX/Swap/Entity/ResponseMessageRest.cs
Data	Market/Servers/HTX/Swap/Entity/ResponseMessageRest.cs
ResponseCandles	Market/Servers/HTX/Swap/Entity/ResponseMessageRest.cs
PlaceOrderResponse	Market/Servers/HTX/Swap/Entity/ResponseMessageRest.cs
ResponseAllOrders	Market/Servers/HTX/Swap/Entity/ResponseMessageRest.cs
OrdersItem	Market/Servers/HTX/Swap/Entity/ResponseMessageRest.cs
ResponseGetOrder	Market/Servers/HTX/Swap/Entity/ResponseMessageRest.cs
ResponseMyTradesBySecurity	Market/Servers/HTX/Swap/Entity/ResponseMessageRest.cs
TradesItemRest	Market/Servers/HTX/Swap/Entity/ResponseMessageRest.cs
ResponseTrades	Market/Servers/HTX/Swap/Entity/ResponseMessageRest.cs
Tick	Market/Servers/HTX/Swap/Entity/ResponseMessageRest.cs
Data	Market/Servers/HTX/Swap/Entity/ResponseMessageRest.cs
OpenInterestInfo	Market/Servers/HTX/Swap/Entity/ResponseMessageRest.cs
FundingInfo	Market/Servers/HTX/Swap/Entity/ResponseMessageRest.cs
FundingData	Market/Servers/HTX/Swap/Entity/ResponseMessageRest.cs
FundingItemHistory	Market/Servers/HTX/Swap/Entity/ResponseMessageRest.cs
ResponseWebSocketMessage	Market/Servers/HTX/Swap/Entity/ResponseWebSocketMessage.cs
PositionsItem	Market/Servers/HTX/Swap/Entity/ResponseWebSocketMessage.cs
PortfolioItem	Market/Servers/HTX/Swap/Entity/ResponseWebSocketMessage.cs
CrossSwap	Market/Servers/HTX/Swap/Entity/ResponseWebSocketMessage.cs
IsolatedSwap	Market/Servers/HTX/Swap/Entity/ResponseWebSocketMessage.cs
ResponseChannelTrades	Market/Servers/HTX/Swap/Entity/ResponseWebSocketMessage.cs
TradesTick	Market/Servers/HTX/Swap/Entity/ResponseWebSocketMessage.cs
TradesData	Market/Servers/HTX/Swap/Entity/ResponseWebSocketMessage.cs
ResponseChannelBook	Market/Servers/HTX/Swap/Entity/ResponseWebSocketMessage.cs
BooksTick	Market/Servers/HTX/Swap/Entity/ResponseWebSocketMessage.cs
ResponseChannelUpdateOrder	Market/Servers/HTX/Swap/Entity/ResponseWebSocketMessage.cs
TradeItem	Market/Servers/HTX/Swap/Entity/ResponseWebSocketMessage.cs
ResponsePingPrivate	Market/Servers/HTX/Swap/Entity/ResponseWebSocketMessage.cs
ResponsePingPublic	Market/Servers/HTX/Swap/Entity/ResponseWebSocketMessage.cs
FundingItem	Market/Servers/HTX/Swap/Entity/ResponseWebSocketMessage.cs
HTXSwapServer	Market/Servers/HTX/Swap/HTXSwapServer.cs
HTXSwapServerRealization	Market/Servers/HTX/Swap/HTXSwapServer.cs
OpenInterestData	Market/Servers/HTX/Swap/HTXSwapServer.cs
HTXSwapServerPermission	Market/Servers/HTX/Swap/HTXSwapServerPermission.cs
IbClient	Market/Servers/InteractiveBrokers/IbClient.cs
Candles	Market/Servers/InteractiveBrokers/IbClient.cs
MyTradeCreate	Market/Servers/InteractiveBrokers/IbClient.cs
SecurityIb	Market/Servers/InteractiveBrokers/IbClient.cs
IbContractStorageUi	Market/Servers/InteractiveBrokers/IbContractStorageUi.xaml.cs
InteractiveBrokersServer	Market/Servers/InteractiveBrokers/InteractiveBrokersServer.cs
InteractiveBrokersServerRealization	Market/Servers/InteractiveBrokers/InteractiveBrokersServer.cs
InteractiveBrokersServerPermission	Market/Servers/InteractiveBrokers/InteractiveBrokersServerPermission.cs
IServer	Market/Servers/IServer.cs
ServerConnectStatus	Market/Servers/IServer.cs
IServerPermission	Market/Servers/IServerPermission.cs
OrderLifeTimePermission	Market/Servers/IServerPermission.cs
TimeFramePermission	Market/Servers/IServerPermission.cs
IServerRealization	Market/Servers/IServerRealization.cs
DepthItem	Market/Servers/KiteConnect/Json/DepthItem.cs
ResponseRestKite	Market/Servers/KiteConnect/Json/ResponseRestKite.cs
UserProfile	Market/Servers/KiteConnect/Json/ResponseRestKite.cs
Meta	Market/Servers/KiteConnect/Json/ResponseRestKite.cs
UserMargins	Market/Servers/KiteConnect/Json/ResponseRestKite.cs
Equity	Market/Servers/KiteConnect/Json/ResponseRestKite.cs
Commodity	Market/Servers/KiteConnect/Json/ResponseRestKite.cs
Available	Market/Servers/KiteConnect/Json/ResponseRestKite.cs
Utilised	Market/Servers/KiteConnect/Json/ResponseRestKite.cs
UserAuthentication	Market/Servers/KiteConnect/Json/ResponseRestKite.cs
HistoricalCandles	Market/Servers/KiteConnect/Json/ResponseRestKite.cs
OrderResponse	Market/Servers/KiteConnect/Json/ResponseRestKite.cs
TradeResponse	Market/Servers/KiteConnect/Json/ResponseRestKite.cs
HoldingsPortfolio	Market/Servers/KiteConnect/Json/ResponseRestKite.cs
ResponsePositions	Market/Servers/KiteConnect/Json/ResponseRestKite.cs
NetPosition	Market/Servers/KiteConnect/Json/ResponseRestKite.cs
DayPosition	Market/Servers/KiteConnect/Json/ResponseRestKite.cs
ResponseWebSocketKiteConnect	Market/Servers/KiteConnect/Json/ResponseWebSocketKiteConnect.cs
OrderData	Market/Servers/KiteConnect/Json/ResponseWebSocketKiteConnect.cs
KiteConnectServer	Market/Servers/KiteConnect/KiteConnectServer.cs
KiteServerRealization	Market/Servers/KiteConnect/KiteConnectServer.cs
KiteConnectServerPermission	Market/Servers/KiteConnect/KiteConnectServerPermission.cs
SendOrderRequestData	Market/Servers/KuCoin/KuCoinFutures/Json/RequestMessagesRest.cs
CancelAllOrdersRequestData	Market/Servers/KuCoin/KuCoinFutures/Json/RequestMessagesRest.cs
ResponseMessageRest	Market/Servers/KuCoin/KuCoinFutures/Json/ResponseMessageRest.cs
ResponsePrivateWebSocketConnection	Market/Servers/KuCoin/KuCoinFutures/Json/ResponseMessageRest.cs
InstanceServer	Market/Servers/KuCoin/KuCoinFutures/Json/ResponseMessageRest.cs
WSData	Market/Servers/KuCoin/KuCoinFutures/Json/ResponseMessageRest.cs
ResponsePlaceOrder	Market/Servers/KuCoin/KuCoinFutures/Json/ResponseMessageRest.cs
ResponseAllOrders	Market/Servers/KuCoin/KuCoinFutures/Json/ResponseMessageRest.cs
ResponseOrder	Market/Servers/KuCoin/KuCoinFutures/Json/ResponseMessageRest.cs
Ticker	Market/Servers/KuCoin/KuCoinFutures/Json/ResponseMessageRest.cs
ResponseAsset	Market/Servers/KuCoin/KuCoinFutures/Json/ResponseMessageRest.cs
ResponsePosition	Market/Servers/KuCoin/KuCoinFutures/Json/ResponseMessageRest.cs
ResponseSymbol	Market/Servers/KuCoin/KuCoinFutures/Json/ResponseMessageRest.cs
ResponseMyTrade	Market/Servers/KuCoin/KuCoinFutures/Json/ResponseMessageRest.cs
ResponseMyTrades	Market/Servers/KuCoin/KuCoinFutures/Json/ResponseMessageRest.cs
FundingItemHistory	Market/Servers/KuCoin/KuCoinFutures/Json/ResponseMessageRest.cs
ResponseWebSocketBulletPrivate	Market/Servers/KuCoin/KuCoinFutures/Json/ResponseWebSocketMessageAction.cs
ResponseWebSocketMessageAction	Market/Servers/KuCoin/KuCoinFutures/Json/ResponseWebSocketMessageAction.cs
ResponseWebSocketMessageTrade	Market/Servers/KuCoin/KuCoinFutures/Json/ResponseWebSocketMessageAction.cs
ResponseWebSocketDepthItem	Market/Servers/KuCoin/KuCoinFutures/Json/ResponseWebSocketMessageAction.cs
ResponseWebSocketOrder	Market/Servers/KuCoin/KuCoinFutures/Json/ResponseWebSocketMessageAction.cs
ResponseWebSocketPosition	Market/Servers/KuCoin/KuCoinFutures/Json/ResponseWebSocketMessageAction.cs
ResponseWebSocketPortfolio	Market/Servers/KuCoin/KuCoinFutures/Json/ResponseWebSocketMessageAction.cs
FundingItem	Market/Servers/KuCoin/KuCoinFutures/Json/ResponseWebSocketMessageAction.cs
KuCoinFuturesServer	Market/Servers/KuCoin/KuCoinFutures/KuCoinFuturesServer.cs
KuCoinFuturesServerRealization	Market/Servers/KuCoin/KuCoinFutures/KuCoinFuturesServer.cs
OpenInterestData	Market/Servers/KuCoin/KuCoinFutures/KuCoinFuturesServer.cs
KuCoinFuturesServerPermission	Market/Servers/KuCoin/KuCoinFutures/KuCoinFuturesServerPermission.cs
SendOrderRequestData	Market/Servers/KuCoin/KuCoinSpot/Json/RequestMessagesRest.cs
CancelAllOrdersRequestData	Market/Servers/KuCoin/KuCoinSpot/Json/RequestMessagesRest.cs
ResponseMessageRest	Market/Servers/KuCoin/KuCoinSpot/Json/ResponseMessageRest.cs
ResponsePrivateWebSocketConnection	Market/Servers/KuCoin/KuCoinSpot/Json/ResponseMessageRest.cs
InstanceServer	Market/Servers/KuCoin/KuCoinSpot/Json/ResponseMessageRest.cs
WSData	Market/Servers/KuCoin/KuCoinSpot/Json/ResponseMessageRest.cs
ResponsePlaceOrder	Market/Servers/KuCoin/KuCoinSpot/Json/ResponseMessageRest.cs
ResponseAllOrders	Market/Servers/KuCoin/KuCoinSpot/Json/ResponseMessageRest.cs
ResponseOrder	Market/Servers/KuCoin/KuCoinSpot/Json/ResponseMessageRest.cs
Ticker	Market/Servers/KuCoin/KuCoinSpot/Json/ResponseMessageRest.cs
ResponseAsset	Market/Servers/KuCoin/KuCoinSpot/Json/ResponseMessageRest.cs
ResponseSymbol	Market/Servers/KuCoin/KuCoinSpot/Json/ResponseMessageRest.cs
ActiveOrderSymbols	Market/Servers/KuCoin/KuCoinSpot/Json/ResponseMessageRest.cs
ResponseMyTrade	Market/Servers/KuCoin/KuCoinSpot/Json/ResponseMessageRest.cs
ResponseMyTrades	Market/Servers/KuCoin/KuCoinSpot/Json/ResponseMessageRest.cs
ResponseWebSocketBulletPrivate	Market/Servers/KuCoin/KuCoinSpot/Json/ResponseWebSocketMessageAction.cs
ResponseWebSocketMessageAction	Market/Servers/KuCoin/KuCoinSpot/Json/ResponseWebSocketMessageAction.cs
ResponseWebSocketMessageTrade	Market/Servers/KuCoin/KuCoinSpot/Json/ResponseWebSocketMessageAction.cs
ResponseWebSocketDepthItem	Market/Servers/KuCoin/KuCoinSpot/Json/ResponseWebSocketMessageAction.cs
ResponseWebSocketOrder	Market/Servers/KuCoin/KuCoinSpot/Json/ResponseWebSocketMessageAction.cs
RelationContext	Market/Servers/KuCoin/KuCoinSpot/Json/ResponseWebSocketMessageAction.cs
ResponseWebSocketPortfolio	Market/Servers/KuCoin/KuCoinSpot/Json/ResponseWebSocketMessageAction.cs
TickerData	Market/Servers/KuCoin/KuCoinSpot/Json/ResponseWebSocketMessageAction.cs
TickerItem	Market/Servers/KuCoin/KuCoinSpot/Json/ResponseWebSocketMessageAction.cs
MarketChange	Market/Servers/KuCoin/KuCoinSpot/Json/ResponseWebSocketMessageAction.cs
KuCoinSpotServer	Market/Servers/KuCoin/KuCoinSpot/KuCoinSpotServer.cs
KuCoinSpotServerRealization	Market/Servers/KuCoin/KuCoinSpot/KuCoinSpotServer.cs
KuCoinSpotServerPermission	Market/Servers/KuCoin/KuCoinSpot/KuCoinSpotServerPermission.cs
MetaTrader5Server	Market/Servers/MetaTrader5/MetaTrader5Server.cs
MetaTrader5ServerRealization	Market/Servers/MetaTrader5/MetaTrader5Server.cs
MetaTrader5ServerPermission	Market/Servers/MetaTrader5/MetaTrader5ServerPermission.cs
AccountWebSocket	Market/Servers/Mexc/MexcSpot/Entity/AccountWebSocket.cs
MexcSocketBalance	Market/Servers/Mexc/MexcSpot/Entity/AccountWebSocket.cs
DealsWebSocket	Market/Servers/Mexc/MexcSpot/Entity/DealsWebSocket.cs
MexcDeals	Market/Servers/Mexc/MexcSpot/Entity/DealsWebSocket.cs
MexcDeal	Market/Servers/Mexc/MexcSpot/Entity/DealsWebSocket.cs
DepthsWebSocket	Market/Servers/Mexc/MexcSpot/Entity/DepthsWebSocket.cs
MexcDepthRow	Market/Servers/Mexc/MexcSpot/Entity/DepthsWebSocket.cs
MexcDepth	Market/Servers/Mexc/MexcSpot/Entity/DepthsWebSocket.cs
MexcTrade	Market/Servers/Mexc/MexcSpot/Entity/MexcOrdersRest.cs
MexcTrades	Market/Servers/Mexc/MexcSpot/Entity/MexcOrdersRest.cs
MexcOrder	Market/Servers/Mexc/MexcSpot/Entity/MexcOrdersRest.cs
MexcOrders	Market/Servers/Mexc/MexcSpot/Entity/MexcOrdersRest.cs
MexcRestOrder	Market/Servers/Mexc/MexcSpot/Entity/MexcOrdersRest.cs
MexcRestOrders	Market/Servers/Mexc/MexcSpot/Entity/MexcOrdersRest.cs
MexcRestOrdersBaseMessage	Market/Servers/Mexc/MexcSpot/Entity/MexcOrdersRest.cs
MexcNewOrderResponse	Market/Servers/Mexc/MexcSpot/Entity/MexcOrdersRest.cs
MexcOrderResponse	Market/Servers/Mexc/MexcSpot/Entity/MexcOrdersRest.cs
MexcOrderListResponse	Market/Servers/Mexc/MexcSpot/Entity/MexcOrdersRest.cs
MexcDefaultSymbols	Market/Servers/Mexc/MexcSpot/Entity/MexcOrdersRest.cs
MexcBalance	Market/Servers/Mexc/MexcSpot/Entity/MexcPortfolioRest.cs
MexcPortfolioRest	Market/Servers/Mexc/MexcSpot/Entity/MexcPortfolioRest.cs
MexcListenKey	Market/Servers/Mexc/MexcSpot/Entity/MexcPrivateSocket.cs
MexcSecurity	Market/Servers/Mexc/MexcSpot/Entity/MexcSecurityRest.cs
MexcSecurityList	Market/Servers/Mexc/MexcSpot/Entity/MexcSecurityRest.cs
MexcCandlesHistory	Market/Servers/Mexc/MexcSpot/Entity/MexcSecurityRest.cs
MyTradeWebSocket	Market/Servers/Mexc/MexcSpot/Entity/MyTradeWebSocket.cs
MexcSocketMyTrade	Market/Servers/Mexc/MexcSpot/Entity/MyTradeWebSocket.cs
OrderWebSocket	Market/Servers/Mexc/MexcSpot/Entity/OrderWebSocket.cs
MexcSocketOrder	Market/Servers/Mexc/MexcSpot/Entity/OrderWebSocket.cs
PrivateAccountV3ApiReflection	Market/Servers/Mexc/MexcSpot/Entity/PrivateAccountV3Api.cs
PrivateAccountV3Api	Market/Servers/Mexc/MexcSpot/Entity/PrivateAccountV3Api.cs
PrivateDealsV3ApiReflection	Market/Servers/Mexc/MexcSpot/Entity/PrivateDealsV3Api.cs
PrivateDealsV3Api	Market/Servers/Mexc/MexcSpot/Entity/PrivateDealsV3Api.cs
PrivateOrdersV3ApiReflection	Market/Servers/Mexc/MexcSpot/Entity/PrivateOrdersV3Api.cs
PrivateOrdersV3Api	Market/Servers/Mexc/MexcSpot/Entity/PrivateOrdersV3Api.cs
PublicAggreBookTickerV3ApiReflection	Market/Servers/Mexc/MexcSpot/Entity/PublicAggreBookTickerV3Api.cs
PublicAggreBookTickerV3Api	Market/Servers/Mexc/MexcSpot/Entity/PublicAggreBookTickerV3Api.cs
PublicAggreDealsV3ApiReflection	Market/Servers/Mexc/MexcSpot/Entity/PublicAggreDealsV3Api.cs
PublicAggreDealsV3Api	Market/Servers/Mexc/MexcSpot/Entity/PublicAggreDealsV3Api.cs
PublicAggreDealsV3ApiItem	Market/Servers/Mexc/MexcSpot/Entity/PublicAggreDealsV3Api.cs
PublicAggreDepthsV3ApiReflection	Market/Servers/Mexc/MexcSpot/Entity/PublicAggreDepthsV3Api.cs
PublicAggreDepthsV3Api	Market/Servers/Mexc/MexcSpot/Entity/PublicAggreDepthsV3Api.cs
PublicAggreDepthV3ApiItem	Market/Servers/Mexc/MexcSpot/Entity/PublicAggreDepthsV3Api.cs
PublicBookTickerBatchV3ApiReflection	Market/Servers/Mexc/MexcSpot/Entity/PublicBookTickerBatchV3Api.cs
PublicBookTickerBatchV3Api	Market/Servers/Mexc/MexcSpot/Entity/PublicBookTickerBatchV3Api.cs
PublicBookTickerV3ApiReflection	Market/Servers/Mexc/MexcSpot/Entity/PublicBookTickerV3Api.cs
PublicBookTickerV3Api	Market/Servers/Mexc/MexcSpot/Entity/PublicBookTickerV3Api.cs
PublicDealsV3ApiReflection	Market/Servers/Mexc/MexcSpot/Entity/PublicDealsV3Api.cs
PublicDealsV3Api	Market/Servers/Mexc/MexcSpot/Entity/PublicDealsV3Api.cs
PublicDealsV3ApiItem	Market/Servers/Mexc/MexcSpot/Entity/PublicDealsV3Api.cs
PublicIncreaseDepthsBatchV3ApiReflection	Market/Servers/Mexc/MexcSpot/Entity/PublicIncreaseDepthsBatchV3Api.cs
PublicIncreaseDepthsBatchV3Api	Market/Servers/Mexc/MexcSpot/Entity/PublicIncreaseDepthsBatchV3Api.cs
PublicIncreaseDepthsV3ApiReflection	Market/Servers/Mexc/MexcSpot/Entity/PublicIncreaseDepthsV3Api.cs
PublicIncreaseDepthsV3Api	Market/Servers/Mexc/MexcSpot/Entity/PublicIncreaseDepthsV3Api.cs
PublicIncreaseDepthV3ApiItem	Market/Servers/Mexc/MexcSpot/Entity/PublicIncreaseDepthsV3Api.cs
PublicLimitDepthsV3ApiReflection	Market/Servers/Mexc/MexcSpot/Entity/PublicLimitDepthsV3Api.cs
PublicLimitDepthsV3Api	Market/Servers/Mexc/MexcSpot/Entity/PublicLimitDepthsV3Api.cs
PublicLimitDepthV3ApiItem	Market/Servers/Mexc/MexcSpot/Entity/PublicLimitDepthsV3Api.cs
PublicMiniTickersV3ApiReflection	Market/Servers/Mexc/MexcSpot/Entity/PublicMiniTickersV3Api.cs
PublicMiniTickersV3Api	Market/Servers/Mexc/MexcSpot/Entity/PublicMiniTickersV3Api.cs
PublicMiniTickerV3ApiReflection	Market/Servers/Mexc/MexcSpot/Entity/PublicMiniTickerV3Api.cs
PublicMiniTickerV3Api	Market/Servers/Mexc/MexcSpot/Entity/PublicMiniTickerV3Api.cs
PublicSpotKlineV3ApiReflection	Market/Servers/Mexc/MexcSpot/Entity/PublicSpotKlineV3Api.cs
PublicSpotKlineV3Api	Market/Servers/Mexc/MexcSpot/Entity/PublicSpotKlineV3Api.cs
PushDataV3ApiWrapperReflection	Market/Servers/Mexc/MexcSpot/Entity/PushDataV3ApiWrapper.cs
PushDataV3ApiWrapper	Market/Servers/Mexc/MexcSpot/Entity/PushDataV3ApiWrapper.cs
BodyOneofCase	Market/Servers/Mexc/MexcSpot/Entity/PushDataV3ApiWrapper.cs
MexcSpotServer	Market/Servers/Mexc/MexcSpot/MexcSpotServer.cs
MexcSpotServerRealization	Market/Servers/Mexc/MexcSpot/MexcSpotServer.cs
MexcSpotServerPermission	Market/Servers/Mexc/MexcSpot/MexcSpotServerPermission.cs
MfdServer	Market/Servers/MFD/MfdServer.cs
MfdServerRealization	Market/Servers/MFD/MfdServer.cs
MfdServerPermission	Market/Servers/MFD/MfdServerPermission.cs
MoexDataServer	Market/Servers/MOEX/MoexIssDataServer.cs
MoexDataServerRealization	Market/Servers/MOEX/MoexIssDataServer.cs
MoexIssPermission	Market/Servers/MOEX/MoexIssPermission.cs
MoexAlgopackAuth	Market/Servers/MoexAlgopack/Entity/MoexAlgopackAuth.cs
ResponseCandles	Market/Servers/MoexAlgopack/Entity/ResponseCandles.cs
Candles	Market/Servers/MoexAlgopack/Entity/ResponseCandles.cs
ResponseDepth	Market/Servers/MoexAlgopack/Entity/ResponseDepth.cs
Orderbook	Market/Servers/MoexAlgopack/Entity/ResponseDepth.cs
ResponseSecurities	Market/Servers/MoexAlgopack/Entity/ResponseSecurities.cs
Securities	Market/Servers/MoexAlgopack/Entity/ResponseSecurities.cs
ResponseTrades	Market/Servers/MoexAlgopack/Entity/ResponseTrades.cs
Trades	Market/Servers/MoexAlgopack/Entity/ResponseTrades.cs
MoexAlgopackServer	Market/Servers/MoexAlgopack/MoexAlgopackServer.cs
MoexAlgopackServerRealization	Market/Servers/MoexAlgopack/MoexAlgopackServer.cs
MoexAlgopackServerPermission	Market/Servers/MoexAlgopack/MoexAlgopackServerPermission.cs
FastConnection	Market/Servers/MoexFixFastCurrency/Entity/FastConnection.cs
IDsModifiedOrder	Market/Servers/MoexFixFastCurrency/Entity/IDsModifiedOrder.cs
MessageConstructor	Market/Servers/MoexFixFastCurrency/Entity/MessageConstructor.cs
MessageType	Market/Servers/MoexFixFastCurrency/Entity/MessageConstructor.cs
NumbersData	Market/Servers/MoexFixFastCurrency/Entity/NumbersData.cs
OrderChange	Market/Servers/MoexFixFastCurrency/Entity/OrderChange.cs
RejectMessage	Market/Servers/MoexFixFastCurrency/Entity/RejectMessage.cs
Snapshot	Market/Servers/MoexFixFastCurrency/Entity/Snapshot.cs
SnapshotFragment	Market/Servers/MoexFixFastCurrency/Entity/Snapshot.cs
WaitingTrade	Market/Servers/MoexFixFastCurrency/Entity/WaitingTrade.cs
MoexFixFastCurrencyServer	Market/Servers/MoexFixFastCurrency/MoexFixFastCurrencyServer.cs
MoexFixFastCurrencyServerRealization	Market/Servers/MoexFixFastCurrency/MoexFixFastCurrencyServer.cs
MoexFixFastCurrencyServerPermission	Market/Servers/MoexFixFastCurrency/MoexFixFastCurrencyServerPermission.cs
AFIXHeader	Market/Servers/MoexFixFastSpot/FIX/AFIXHeader.cs
AFIXMessageBody	Market/Servers/MoexFixFastSpot/FIX/AFIXMessageBody.cs
FASTHeader	Market/Servers/MoexFixFastSpot/FIX/FASTHeader.cs
FASTLogonMessage	Market/Servers/MoexFixFastSpot/FIX/FASTLogonMessage.cs
FIXMessage	Market/Servers/MoexFixFastSpot/FIX/FIXMessage.cs
Header	Market/Servers/MoexFixFastSpot/FIX/Header.cs
HeartbeatMessage	Market/Servers/MoexFixFastSpot/FIX/HeartbeatMessage.cs
LogonMessage	Market/Servers/MoexFixFastSpot/FIX/LogonMessage.cs
LogoutMessage	Market/Servers/MoexFixFastSpot/FIX/LogoutMessage.cs
MarketDataRequestMessage	Market/Servers/MoexFixFastSpot/FIX/MarketDataRequestMessage.cs
NewOrderSingleMessage	Market/Servers/MoexFixFastSpot/FIX/NewOrderSingleMessage.cs
OrderCancelReplaceRequestMessage	Market/Servers/MoexFixFastSpot/FIX/OrderCancelReplaceRequestMessage.cs
OrderCancelRequestMessage	Market/Servers/MoexFixFastSpot/FIX/OrderCancelRequestMessage.cs
OrderMassCancelRequestMessage	Market/Servers/MoexFixFastSpot/FIX/OrderMassCancelRequestMessage.cs
ResendRequestMessage	Market/Servers/MoexFixFastSpot/FIX/ResendRequestMessage.cs
TestRequestMessage	Market/Servers/MoexFixFastSpot/FIX/TestRequestMessage.cs
Trailer	Market/Servers/MoexFixFastSpot/FIX/Trailer.cs
MoexFixFastSpotServer	Market/Servers/MoexFixFastSpot/MoexFixFastSpotServer.cs
MoexFixFastSpotServerRealization	Market/Servers/MoexFixFastSpot/MoexFixFastSpotServer.cs
OrdersUpdate	Market/Servers/MoexFixFastSpot/MoexFixFastSpotServer.cs
OrderBookComparer	Market/Servers/MoexFixFastSpot/MoexFixFastSpotServer.cs
UpdateComparer	Market/Servers/MoexFixFastSpot/MoexFixFastSpotServer.cs
TradeComparer	Market/Servers/MoexFixFastSpot/MoexFixFastSpotServer.cs
SecuritySnapshot	Market/Servers/MoexFixFastSpot/MoexFixFastSpotServer.cs
OrdersSnapshot	Market/Servers/MoexFixFastSpot/MoexFixFastSpotServer.cs
SecurityToSave	Market/Servers/MoexFixFastSpot/MoexFixFastSpotServer.cs
MoexFixFastSpotServerPermission	Market/Servers/MoexFixFastSpot/MoexFixFastSpotServerPermission.cs
ControlFastDepth	Market/Servers/MoexFixFastTwimeFutures/Entity/ControlFastDepth.cs
ControlDepthLevel	Market/Servers/MoexFixFastTwimeFutures/Entity/ControlFastDepth.cs
FixMessageConstructor	Market/Servers/MoexFixFastTwimeFutures/Entity/FixMessageConstructor.cs
MessageType	Market/Servers/MoexFixFastTwimeFutures/Entity/FixMessageConstructor.cs
IDsModifiedFixOrders	Market/Servers/MoexFixFastTwimeFutures/Entity/IDsModifiedFixOrders.cs
MarketDataGroup	Market/Servers/MoexFixFastTwimeFutures/Entity/MarketDataGroup.cs
FastConnection	Market/Servers/MoexFixFastTwimeFutures/Entity/MarketDataGroup.cs
NumbersMD	Market/Servers/MoexFixFastTwimeFutures/Entity/NumbersMD.cs
OrderChange	Market/Servers/MoexFixFastTwimeFutures/Entity/OrderChange.cs
OrderAction	Market/Servers/MoexFixFastTwimeFutures/Entity/OrderChange.cs
OrderType	Market/Servers/MoexFixFastTwimeFutures/Entity/OrderChange.cs
ReplyTwimeMessage	Market/Servers/MoexFixFastTwimeFutures/Entity/ReplyTwimeMessage.cs
Snapshot	Market/Servers/MoexFixFastTwimeFutures/Entity/Snapshot.cs
SnapshotFragment	Market/Servers/MoexFixFastTwimeFutures/Entity/Snapshot.cs
TwimeMessageConstructor	Market/Servers/MoexFixFastTwimeFutures/Entity/TwimeMessageConstructor.cs
TwimeOrderReport	Market/Servers/MoexFixFastTwimeFutures/Entity/TwimeOrderReport.cs
MoexFixFastTwimeFuturesServer	Market/Servers/MoexFixFastTwimeFutures/MoexFixFastTwimeFuturesServer.cs
MoexFixFastTwimeFuturesServerRealization	Market/Servers/MoexFixFastTwimeFutures/MoexFixFastTwimeFuturesServer.cs
MoexFixFastTwimeFuturesServerPermission	Market/Servers/MoexFixFastTwimeFutures/MoexFixFastTwimeFuturesServerPermission.cs
NinjaTraderClient	Market/Servers/NinjaTrader/NinjaTraderClient.cs
NinjaTraderServer	Market/Servers/NinjaTrader/NinjaTraderServer.cs
NinjaTraderServerRealization	Market/Servers/NinjaTrader/NinjaTraderServer.cs
CandlesResponse	Market/Servers/OKX/Entity/CandlesResponse.cs
Encryptor	Market/Servers/OKX/Entity/Encryptor.cs
AuthObject	Market/Servers/OKX/Entity/Encryptor.cs
RequestAuth	Market/Servers/OKX/Entity/Encryptor.cs
HttpInterceptor	Market/Servers/OKX/Entity/HttpInterceptor.cs
OkxSocketWrapper	Market/Servers/OKX/Entity/OkxSocketWrapper.cs
OkxPublicSocketMessage	Market/Servers/OKX/Entity/OkxSocketWrapper.cs
OrderBookKeeper	Market/Servers/OKX/Entity/OrderBookKeeper.cs
RequestSubscribe	Market/Servers/OKX/Entity/RequestSubscribe.cs
SubscribeArgs	Market/Servers/OKX/Entity/RequestSubscribe.cs
SubscribeArgsAccount	Market/Servers/OKX/Entity/RequestSubscribe.cs
SubscribeArgsOption	Market/Servers/OKX/Entity/RequestSubscribe.cs
ResponseRestMessage	Market/Servers/OKX/Entity/ResponseRestMessage.cs
RestMessageSendOrder	Market/Servers/OKX/Entity/ResponseRestMessage.cs
RestMessageCandle	Market/Servers/OKX/Entity/ResponseRestMessage.cs
RestMessageSymbol	Market/Servers/OKX/Entity/ResponseRestMessage.cs
RestMessageAccount	Market/Servers/OKX/Entity/ResponseRestMessage.cs
RestMessagePositions	Market/Servers/OKX/Entity/ResponseRestMessage.cs
RestMessageOrders	Market/Servers/OKX/Entity/ResponseRestMessage.cs
EntrustedList	Market/Servers/OKX/Entity/ResponseRestMessage.cs
DataOrderStatus	Market/Servers/OKX/Entity/ResponseRestMessage.cs
RestMyTradesResponce	Market/Servers/OKX/Entity/ResponseRestMessage.cs
DataMyTrades	Market/Servers/OKX/Entity/ResponseRestMessage.cs
FillList	Market/Servers/OKX/Entity/ResponseRestMessage.cs
FundingItemHistory	Market/Servers/OKX/Entity/ResponseRestMessage.cs
AccountConfigData	Market/Servers/OKX/Entity/ResponseRestMessage.cs
ResponseWsMessageAction	Market/Servers/OKX/Entity/ResponseWsMessageAction.cs
ResponseWsMessageArg	Market/Servers/OKX/Entity/ResponseWsMessageAction.cs
ResponseWsMessageHeader	Market/Servers/OKX/Entity/ResponseWsMessageAction.cs
ResponseWsDepthItem	Market/Servers/OKX/Entity/ResponseWsMessageAction.cs
ResponseWsTrade	Market/Servers/OKX/Entity/ResponseWsMessageAction.cs
ResponseWebSocketMessageSubscribe	Market/Servers/OKX/Entity/ResponseWsMessageAction.cs
ResponseWsOrders	Market/Servers/OKX/Entity/ResponseWsMessageAction.cs
LinkedAlgoOrd	Market/Servers/OKX/Entity/ResponseWsMessageAction.cs
ResponseWsAccount	Market/Servers/OKX/Entity/ResponseWsMessageAction.cs
PortfolioDetails	Market/Servers/OKX/Entity/ResponseWsMessageAction.cs
ResponseMessagePositions	Market/Servers/OKX/Entity/ResponseWsMessageAction.cs
ResponseWsGreeks	Market/Servers/OKX/Entity/ResponseWsMessageAction.cs
ResponseWsOpenInterest	Market/Servers/OKX/Entity/ResponseWsMessageAction.cs
ResponseWsMarkPrice	Market/Servers/OKX/Entity/ResponseWsMessageAction.cs
FundingItem	Market/Servers/OKX/Entity/ResponseWsMessageAction.cs
TickerItem	Market/Servers/OKX/Entity/ResponseWsMessageAction.cs
SecurityResponse	Market/Servers/OKX/Entity/SecurityResponse.cs
SecurityResponseItem	Market/Servers/OKX/Entity/SecurityResponse.cs
SecurityUnderlyingResponse	Market/Servers/OKX/Entity/SecurityResponse.cs
TradeDetailsResponse	Market/Servers/OKX/Entity/TradeDetailsResponse.cs
TradeDetailsObject	Market/Servers/OKX/Entity/TradeDetailsResponse.cs
TradesDataResponse	Market/Servers/OKX/Entity/TradesDataResponse.cs
TradeData	Market/Servers/OKX/Entity/TradesDataResponse.cs
OkxServer	Market/Servers/OKX/OkxServer.cs
OkxServerRealization	Market/Servers/OKX/OkxServer.cs
AdditionalOptionData	Market/Servers/OKX/OkxServer.cs
OkxServerPermission	Market/Servers/OKX/OkxServerPermission.cs
OkxCandlesResponce	Market/Servers/OKXData/Entity/OkxCandlesResponce.cs
SecurityRespOkxData	Market/Servers/OKXData/Entity/SecurityRespOkxData.cs
OkxSecurityData	Market/Servers/OKXData/Entity/SecurityRespOkxData.cs
TradeComparer	Market/Servers/OKXData/Entity/TradeComparer.cs
OKXDataServer	Market/Servers/OKXData/OKXDataServer.cs
OKXDataServerRealization	Market/Servers/OKXData/OKXDataServer.cs
OKXDataServerPermission	Market/Servers/OKXData/OKXDataServerPermission.cs
OptimizerDataStorage	Market/Servers/Optimizer/OptimizerDataStorage.cs
DataStorage	Market/Servers/Optimizer/OptimizerDataStorage.cs
OptimizerDataStorageUi	Market/Servers/Optimizer/OptimizerDataStorageUi.xaml.cs
YearRateGridEditor	Market/Servers/Optimizer/OptimizerDataStorageUi.xaml.cs
OptimizerMarginRatesEditUi	Market/Servers/Optimizer/OptimizerMarginRatesEditUi.xaml.cs
OptimizerServer	Market/Servers/Optimizer/OptimizerServer.cs
SecurityOptimizer	Market/Servers/Optimizer/OptimizerServer.cs
PendingDividendPayment	Market/Servers/Optimizer/OptimizerServer.cs
SendNewOrder	Market/Servers/Pionex/Entity/OrdersPionexRequest.cs
ResponseMessageRest	Market/Servers/Pionex/Entity/ResponseMessageRest.cs
ResponseSymbols	Market/Servers/Pionex/Entity/ResponseMessageRest.cs
Symbol	Market/Servers/Pionex/Entity/ResponseMessageRest.cs
ResponseBalance	Market/Servers/Pionex/Entity/ResponseMessageRest.cs
Balance	Market/Servers/Pionex/Entity/ResponseMessageRest.cs
ResponseCandles	Market/Servers/Pionex/Entity/ResponseMessageRest.cs
Kline	Market/Servers/Pionex/Entity/ResponseMessageRest.cs
ResponseCreateOrder	Market/Servers/Pionex/Entity/ResponseMessageRest.cs
OrderData	Market/Servers/Pionex/Entity/ResponseMessageRest.cs
GetOrder	Market/Servers/Pionex/Entity/ResponseMessageRest.cs
FillData	Market/Servers/Pionex/Entity/ResponseMessageRest.cs
FillItem	Market/Servers/Pionex/Entity/ResponseMessageRest.cs
ResponseWebSocketMessage	Market/Servers/Pionex/Entity/ResponseWebSocketMessage.cs
ResponseWebSocketTrades	Market/Servers/Pionex/Entity/ResponseWebSocketMessage.cs
TradeElements	Market/Servers/Pionex/Entity/ResponseWebSocketMessage.cs
ResponseWebSocketDepthItem	Market/Servers/Pionex/Entity/ResponseWebSocketMessage.cs
ResponseWSBalance	Market/Servers/Pionex/Entity/ResponseWebSocketMessage.cs
BalanceWS	Market/Servers/Pionex/Entity/ResponseWebSocketMessage.cs
MyTrades	Market/Servers/Pionex/Entity/ResponseWebSocketMessage.cs
MyOrders	Market/Servers/Pionex/Entity/ResponseWebSocketMessage.cs
PionexServerSpot	Market/Servers/Pionex/PionexServerSpot.cs
PionexServerRealization	Market/Servers/Pionex/PionexServerSpot.cs
PionexServerSpotPermission	Market/Servers/Pionex/PionexServerSpotPermission.cs
BitMask	Market/Servers/Plaza/Entity/BitMask.cs
PlazaChangePriceOrderEntity	Market/Servers/Plaza/Entity/PlazaChangePriceOrderEntity.cs
PositionOnBoardSander	Market/Servers/Plaza/Entity/PositionOnBoardSander.cs
RevisionInfo	Market/Servers/Plaza/Entity/RevisionInfo.cs
PlazaServer	Market/Servers/Plaza/PlazaServer.cs
PlazaServerRealization	Market/Servers/Plaza/PlazaServer.cs
PlazaServerPermission	Market/Servers/Plaza/PlazaServerPermission.cs
RestResponceMessage	Market/Servers/Polygon/Entity/RestResponceMessage.cs
ResponceTrades	Market/Servers/Polygon/Entity/RestResponceMessage.cs
ResponceCandles	Market/Servers/Polygon/Entity/RestResponceMessage.cs
Tickers	Market/Servers/Polygon/Entity/RestResponceMessage.cs
TickerType	Market/Servers/Polygon/Entity/RestResponceMessage.cs
TickerExchange	Market/Servers/Polygon/Entity/RestResponceMessage.cs
PolygonServer	Market/Servers/Polygon/PolygonServer.cs
PolygonServerRealization	Market/Servers/Polygon/PolygonServer.cs
PolygonServerPermission	Market/Servers/Polygon/PolygonServerPermission.cs
QscalpMarketDepthServer	Market/Servers/QscalpMarketDepth/QscalpMarketDepthServer.cs
QscalpMarketDepthServerRealization	Market/Servers/QscalpMarketDepth/QscalpMarketDepthServer.cs
QscalpMarketDepthServerPermission	Market/Servers/QscalpMarketDepth/QscalpMarketDepthServerPermission.cs
CustomTraceListener	Market/Servers/QuikLua/Entity/CustomTraceListener.cs
QuikLuaServer	Market/Servers/QuikLua/QuikLuaServer.cs
QuikLuaServerRealization	Market/Servers/QuikLua/QuikLuaServer.cs
QuikLuaServerPermission	Market/Servers/QuikLua/QuikLuaServerPermission.cs
RSSNewsServer	Market/Servers/RSSNews/RSSNewsServer.cs
RSSNewsServerRealization	Market/Servers/RSSNews/RSSNewsServer.cs
RSSNewsServerPermission	Market/Servers/RSSNews/RSSNewsServerPermission.cs
ServerCandleStorage	Market/Servers/ServerCandleStorage.cs
CandleSeriesSaveInfo	Market/Servers/ServerCandleStorage.cs
ServerTickStorage	Market/Servers/ServerTickStorage.cs
TradeSaveInfo	Market/Servers/ServerTickStorage.cs
SmartLabNewsServer	Market/Servers/SmartLabNews/SmartLabNewsServer.cs
SmartLabNewsServerRealization	Market/Servers/SmartLabNews/SmartLabNewsServer.cs
SmartLabNewsServerPermission	Market/Servers/SmartLabNews/SmartLabNewsServerPermission.cs
ArchiveResponse	Market/Servers/TData/Entity/ArchiveResponse.cs
ArchiveEntry	Market/Servers/TData/Entity/ArchiveResponse.cs
CsvFastParser	Market/Servers/TData/Entity/CsvFastParser.cs
RootResponse	Market/Servers/TData/Entity/TSecurityResponse.cs
TSecurityResponse	Market/Servers/TData/Entity/TSecurityResponse.cs
Archive	Market/Servers/TData/Entity/TSecurityResponse.cs
TDataServerPermission	Market/Servers/TData/TDataPermission.cs
TDataServer	Market/Servers/TData/TDataServer.cs
TDataServerRealization	Market/Servers/TData/TDataServer.cs
TelegramNewsServer	Market/Servers/TelegramNews/TelegramNewsServer.cs
TelegramNewsServerRealization	Market/Servers/TelegramNews/TelegramNewsServer.cs
TelegramNewsServerPermission	Market/Servers/TelegramNews/TelegramNewsServerPermission.cs
AuthTGCodeDialogUi	Market/Servers/TelegramNews/TGAuthEntity/AuthTGCodeDialogUi.xaml.cs
AuthTGPasswordDialogUi	Market/Servers/TelegramNews/TGAuthEntity/AuthTGPasswordDialogUi.xaml.cs
GoToUi	Market/Servers/Tester/GoToUi.xaml.cs
TesterMarginRatesEditUi	Market/Servers/Tester/TesterMarginRatesEditUi.xaml.cs
TesterServer	Market/Servers/Tester/TesterServer.cs
SecurityTester	Market/Servers/Tester/TesterServer.cs
TesterSourceDataType	Market/Servers/Tester/TesterServer.cs
TesterRegime	Market/Servers/Tester/TesterServer.cs
TesterDataType	Market/Servers/Tester/TesterServer.cs
SecurityTesterDataType	Market/Servers/Tester/TesterServer.cs
TimeAddInTestType	Market/Servers/Tester/TesterServer.cs
OrderExecutionType	Market/Servers/Tester/TesterServer.cs
OrderClearing	Market/Servers/Tester/TesterServer.cs
NonTradePeriod	Market/Servers/Tester/TesterServer.cs
PendingDividendPayment	Market/Servers/Tester/TesterServer.cs
TesterServerUi	Market/Servers/Tester/TesterServerUi.xaml.cs
YearRateGridEditor	Market/Servers/Tester/TesterServerUi.xaml.cs
TInvestServer	Market/Servers/TInvest/TInvestServer.cs
TInvestServerRealization	Market/Servers/TInvest/TInvestServer.cs
MarketDataStreamWrapper	Market/Servers/TInvest/TInvestServer.cs
TinSecuritiesData	Market/Servers/TInvest/TInvestServer.cs
TinSecuritiesRisksFutures	Market/Servers/TInvest/TInvestServer.cs
TInvestServerPermission	Market/Servers/TInvest/TInvestServerPermission.cs
RequestCandle	Market/Servers/TraderNet/Entity/RequestCandle.cs
RequestSecurity	Market/Servers/TraderNet/Entity/RequestSecurity.cs
Sort	Market/Servers/TraderNet/Entity/RequestSecurity.cs
Filter	Market/Servers/TraderNet/Entity/RequestSecurity.cs
FilterItem	Market/Servers/TraderNet/Entity/RequestSecurity.cs
GetSID	Market/Servers/TraderNet/Entity/ResponseRestMessage.cs
ResponseUserStockLists	Market/Servers/TraderNet/Entity/ResponseRestMessage.cs
UserStockLists	Market/Servers/TraderNet/Entity/ResponseRestMessage.cs
ResponseMessageSecurities	Market/Servers/TraderNet/Entity/ResponseRestMessage.cs
ListSecurities	Market/Servers/TraderNet/Entity/ResponseRestMessage.cs
Quotes	Market/Servers/TraderNet/Entity/ResponseRestMessage.cs
ResponseCandle	Market/Servers/TraderNet/Entity/ResponseRestMessage.cs
OrderResponse	Market/Servers/TraderNet/Entity/ResponseRestMessage.cs
OrderItem	Market/Servers/TraderNet/Entity/ResponseRestMessage.cs
ResponseRestOrders	Market/Servers/TraderNet/Entity/ResponseRestMessage.cs
Result	Market/Servers/TraderNet/Entity/ResponseRestMessage.cs
ResultOrders	Market/Servers/TraderNet/Entity/ResponseRestMessage.cs
RestResponsePortfolio	Market/Servers/TraderNet/Entity/ResponseRestMessage.cs
ResultPortfolio	Market/Servers/TraderNet/Entity/ResponseRestMessage.cs
Ps	Market/Servers/TraderNet/Entity/ResponseRestMessage.cs
AccRest	Market/Servers/TraderNet/Entity/ResponseRestMessage.cs
PosRest	Market/Servers/TraderNet/Entity/ResponseRestMessage.cs
ResponseTrade	Market/Servers/TraderNet/Entity/ResponseWebSocketMessageAction.cs
ListTrades	Market/Servers/TraderNet/Entity/ResponseWebSocketMessageAction.cs
ResponseDepth	Market/Servers/TraderNet/Entity/ResponseWebSocketMessageAction.cs
UpdateDepth	Market/Servers/TraderNet/Entity/ResponseWebSocketMessageAction.cs
InsertDepth	Market/Servers/TraderNet/Entity/ResponseWebSocketMessageAction.cs
DeleteDepth	Market/Servers/TraderNet/Entity/ResponseWebSocketMessageAction.cs
ListMdTiker	Market/Servers/TraderNet/Entity/ResponseWebSocketMessageAction.cs
ResponsePortfolio	Market/Servers/TraderNet/Entity/ResponseWebSocketMessageAction.cs
Pos	Market/Servers/TraderNet/Entity/ResponseWebSocketMessageAction.cs
Acc	Market/Servers/TraderNet/Entity/ResponseWebSocketMessageAction.cs
ResponseOrders	Market/Servers/TraderNet/Entity/ResponseWebSocketMessageAction.cs
ResponseOrdersTrades	Market/Servers/TraderNet/Entity/ResponseWebSocketMessageAction.cs
TraderNetServer	Market/Servers/TraderNet/TraderNetServer.cs
TraderNetServerRealization	Market/Servers/TraderNet/TraderNetServer.cs
TraderNetServerPermission	Market/Servers/TraderNet/TraderNetServerPermission.cs
ChangeTransaqPassword	Market/Servers/Transaq/ChangeTransaqPassword.xaml.cs
InfoActiveOrder	Market/Servers/Transaq/TransaqEntity/InfoActiveOrder.cs
Client	Market/Servers/Transaq/TransaqEntity/TransaqEntities.cs
ServerStatus	Market/Servers/Transaq/TransaqEntity/TransaqEntities.cs
TransaqNews	Market/Servers/Transaq/TransaqEntity/TransaqEntities.cs
TransaqNewsBody	Market/Servers/Transaq/TransaqEntity/TransaqEntities.cs
Opmask	Market/Servers/Transaq/TransaqEntity/TransaqEntities.cs
Security	Market/Servers/Transaq/TransaqEntity/TransaqEntities.cs
SecurityInfoUpd	Market/Servers/Transaq/TransaqEntity/TransaqEntities.cs
SecurityInfo	Market/Servers/Transaq/TransaqEntity/TransaqEntities.cs
Quote	Market/Servers/Transaq/TransaqEntity/TransaqEntities.cs
QuotationsList	Market/Servers/Transaq/TransaqEntity/TransaqEntities.cs
BidAsk	Market/Servers/Transaq/TransaqEntity/TransaqEntities.cs
Order	Market/Servers/Transaq/TransaqEntity/TransaqEntities.cs
Trade	Market/Servers/Transaq/TransaqEntity/TransaqEntities.cs
Candle	Market/Servers/Transaq/TransaqEntity/TransaqEntities.cs
Candles	Market/Servers/Transaq/TransaqEntity/TransaqEntities.cs
Message	Market/Servers/Transaq/TransaqEntity/TransaqEntities.cs
Result	Market/Servers/Transaq/TransaqEntity/TransaqEntities.cs
Ticks	Market/Servers/Transaq/TransaqEntity/TransaqEntities.cs
Tick	Market/Servers/Transaq/TransaqEntity/TransaqEntities.cs
Securit	Market/Servers/Transaq/TransaqEntity/TransaqPortfolio.cs
Asset	Market/Servers/Transaq/TransaqEntity/TransaqPortfolio.cs
PortfolioMct	Market/Servers/Transaq/TransaqEntity/TransaqPortfolio.cs
Portfolio_currency	Market/Servers/Transaq/TransaqEntity/TransaqPortfolio.cs
Value_part	Market/Servers/Transaq/TransaqEntity/TransaqPortfolio.cs
Money	Market/Servers/Transaq/TransaqEntity/TransaqPortfolio.cs
McPortfolio	Market/Servers/Transaq/TransaqEntity/TransaqPortfolio.cs
Markets	Market/Servers/Transaq/TransaqEntity/TransaqPositions.cs
Money_position	Market/Servers/Transaq/TransaqEntity/TransaqPositions.cs
Sec_position	Market/Servers/Transaq/TransaqEntity/TransaqPositions.cs
Forts_position	Market/Servers/Transaq/TransaqEntity/TransaqPositions.cs
Forts_money	Market/Servers/Transaq/TransaqEntity/TransaqPositions.cs
Forts_collaterals	Market/Servers/Transaq/TransaqEntity/TransaqPositions.cs
Spot_limit	Market/Servers/Transaq/TransaqEntity/TransaqPositions.cs
TransaqPositions	Market/Servers/Transaq/TransaqEntity/TransaqPositions.cs
ClientLimits	Market/Servers/Transaq/TransaqEntity/TransaqPositions.cs
TransaqServer	Market/Servers/Transaq/TransaqServer.cs
TransaqServerRealization	Market/Servers/Transaq/TransaqServer.cs
MdSaveObj	Market/Servers/Transaq/TransaqServer.cs
TransaqServerPermission	Market/Servers/Transaq/TransaqServerPermission.cs
ApiUsageResponse	Market/Servers/TwelveData/Entity/ApiUsageResponse.cs
CandleHistoryResponse	Market/Servers/TwelveData/Entity/CandleHistoryResponse.cs
Meta	Market/Servers/TwelveData/Entity/CandleHistoryResponse.cs
ValueCandle	Market/Servers/TwelveData/Entity/CandleHistoryResponse.cs
CandleResponse	Market/Servers/TwelveData/Entity/CandleResponse.cs
FiftyTwoWeek	Market/Servers/TwelveData/Entity/CandleResponse.cs
SecurityResponse	Market/Servers/TwelveData/Entity/SecurityResponse.cs
StockData	Market/Servers/TwelveData/Entity/SecurityResponse.cs
Access	Market/Servers/TwelveData/Entity/SecurityResponse.cs
ForexData	Market/Servers/TwelveData/Entity/SecurityResponse.cs
EtfData	Market/Servers/TwelveData/Entity/SecurityResponse.cs
CommoditiesData	Market/Servers/TwelveData/Entity/SecurityResponse.cs
WebSocketPriceMessage	Market/Servers/TwelveData/Entity/WebSocketPriceMessage.cs
WebSocketStatusMessage	Market/Servers/TwelveData/Entity/WebSocketStatusMessage.cs
TwelveDataPermission	Market/Servers/TwelveData/TwelveDataPermission.cs
TwelveDataServer	Market/Servers/TwelveData/TwelveDataServer.cs
TwelveDataServerRealization	Market/Servers/TwelveData/TwelveDataServer.cs
ResponseMessageRest	Market/Servers/Woo/Entity/ResponseMessageRest.cs
ResponseListenKey	Market/Servers/Woo/Entity/ResponseMessageRest.cs
ResponseSystemStatus	Market/Servers/Woo/Entity/ResponseMessageRest.cs
ResponseSecurities	Market/Servers/Woo/Entity/ResponseMessageRest.cs
RowSymbols	Market/Servers/Woo/Entity/ResponseMessageRest.cs
ResponseCommonPortfolio	Market/Servers/Woo/Entity/ResponseMessageRest.cs
ResponsePortfolios	Market/Servers/Woo/Entity/ResponseMessageRest.cs
Holding	Market/Servers/Woo/Entity/ResponseMessageRest.cs
MarketDepthData	Market/Servers/Woo/Entity/ResponseMessageRest.cs
OrderLevel	Market/Servers/Woo/Entity/ResponseMessageRest.cs
ResponseFuturesPositions	Market/Servers/Woo/Entity/ResponseMessageRest.cs
FuturesPosition	Market/Servers/Woo/Entity/ResponseMessageRest.cs
ResponseCandles	Market/Servers/Woo/Entity/ResponseMessageRest.cs
RowCandles	Market/Servers/Woo/Entity/ResponseMessageRest.cs
OrderData	Market/Servers/Woo/Entity/ResponseMessageRest.cs
OpenOrdersData	Market/Servers/Woo/Entity/ResponseMessageRest.cs
MetaPages	Market/Servers/Woo/Entity/ResponseMessageRest.cs
RowOpenOrders	Market/Servers/Woo/Entity/ResponseMessageRest.cs
MyTradeData	Market/Servers/Woo/Entity/ResponseMessageRest.cs
RowMyTrade	Market/Servers/Woo/Entity/ResponseMessageRest.cs
FundingHistoryData	Market/Servers/Woo/Entity/ResponseMessageRest.cs
RowFunding	Market/Servers/Woo/Entity/ResponseMessageRest.cs
EstimatedFundingRateData	Market/Servers/Woo/Entity/ResponseMessageRest.cs
EstimatedFundingRateRow	Market/Servers/Woo/Entity/ResponseMessageRest.cs
ResponseWebSocketMessage	Market/Servers/Woo/Entity/ResponseWebSocketMessage.cs
ResponseChannelTrades	Market/Servers/Woo/Entity/ResponseWebSocketMessage.cs
ResponseChannelBook	Market/Servers/Woo/Entity/ResponseWebSocketMessage.cs
BalanceData	Market/Servers/Woo/Entity/ResponseWebSocketMessage.cs
ResponseChannelPortfolio	Market/Servers/Woo/Entity/ResponseWebSocketMessage.cs
ResponseChannelOrder	Market/Servers/Woo/Entity/ResponseWebSocketMessage.cs
PositionData	Market/Servers/Woo/Entity/ResponseWebSocketMessage.cs
ResponseChannelPositions	Market/Servers/Woo/Entity/ResponseWebSocketMessage.cs
ResponseChannelAccount	Market/Servers/Woo/Entity/ResponseWebSocketMessage.cs
TickerData	Market/Servers/Woo/Entity/ResponseWebSocketMessage.cs
FundingRateData	Market/Servers/Woo/Entity/ResponseWebSocketMessage.cs
OpenInterestItem	Market/Servers/Woo/Entity/ResponseWebSocketMessage.cs
WooServer	Market/Servers/Woo/WooServer.cs
WooServerRealization	Market/Servers/Woo/WooServer.cs
OpenInterestData	Market/Servers/Woo/WooServer.cs
WooServerPermission	Market/Servers/Woo/WooServerPermission.cs
XTFuturesResponseRest	Market/Servers/XT/XTFutures/Entity/XTFuturesResponseRest.cs
XTFuturesResponseRestNew	Market/Servers/XT/XTFutures/Entity/XTFuturesResponseRest.cs
XTFuturesApiError	Market/Servers/XT/XTFutures/Entity/XTFuturesResponseRest.cs
XTFuturesSymbolListResult	Market/Servers/XT/XTFutures/Entity/XTFuturesResponseRest.cs
XTFuturesSymbol	Market/Servers/XT/XTFutures/Entity/XTFuturesResponseRest.cs
XTFuturesBalance	Market/Servers/XT/XTFutures/Entity/XTFuturesResponseRest.cs
XTFuturesPosition	Market/Servers/XT/XTFutures/Entity/XTFuturesResponseRest.cs
XTFuturesMyTrade	Market/Servers/XT/XTFutures/Entity/XTFuturesResponseRest.cs
XTFuturesTradeHistoryResult	Market/Servers/XT/XTFutures/Entity/XTFuturesResponseRest.cs
XTFuturesTradeHistory	Market/Servers/XT/XTFutures/Entity/XTFuturesResponseRest.cs
XTFuturesOrderResult	Market/Servers/XT/XTFutures/Entity/XTFuturesResponseRest.cs
XTFuturesOrderItem	Market/Servers/XT/XTFutures/Entity/XTFuturesResponseRest.cs
XTFuturesSendOrder	Market/Servers/XT/XTFutures/Entity/XTFuturesResponseRest.cs
XTFuturesCancelAllOrders	Market/Servers/XT/XTFutures/Entity/XTFuturesResponseRest.cs
XTFuturesResponseWebSocket	Market/Servers/XT/XTFutures/Entity/XTFuturesResponseWebSocket.cs
XTFuturesPublicTrade	Market/Servers/XT/XTFutures/Entity/XTFuturesResponseWebSocket.cs
XTFuturesUpdateDepth	Market/Servers/XT/XTFutures/Entity/XTFuturesResponseWebSocket.cs
XTFuturesSnapshotDepth	Market/Servers/XT/XTFutures/Entity/XTFuturesResponseWebSocket.cs
XTFuturesCandle	Market/Servers/XT/XTFutures/Entity/XTFuturesResponseWebSocket.cs
XTFuturesResponsePortfolio	Market/Servers/XT/XTFutures/Entity/XTFuturesResponseWebSocket.cs
XTFuturesUpdateOrder	Market/Servers/XT/XTFutures/Entity/XTFuturesResponseWebSocket.cs
XTFuturesPositionData	Market/Servers/XT/XTFutures/Entity/XTFuturesResponseWebSocket.cs
ProfitFixedLatest	Market/Servers/XT/XTFutures/Entity/XTFuturesResponseWebSocket.cs
XTFuturesServer	Market/Servers/XT/XTFutures/XTFuturesServer.cs
XTServerSpotRealization	Market/Servers/XT/XTFutures/XTFuturesServer.cs
XTFuturesServerPermission	Market/Servers/XT/XTFutures/XTFuturesServerPermission.cs
SendOrderRequestData	Market/Servers/XT/XTSpot/Entity/RequestMessagesRest.cs
CancelAllOrdersRequestData	Market/Servers/XT/XTSpot/Entity/RequestMessagesRest.cs
ResponseMessageRest	Market/Servers/XT/XTSpot/Entity/ResponseMessageRest.cs
ResponseServerTime	Market/Servers/XT/XTSpot/Entity/ResponseMessageRest.cs
ResponseDepth	Market/Servers/XT/XTSpot/Entity/ResponseMessageRest.cs
ResponseToken	Market/Servers/XT/XTSpot/Entity/ResponseMessageRest.cs
ResponseSymbols	Market/Servers/XT/XTSpot/Entity/ResponseMessageRest.cs
ResponseCandles	Market/Servers/XT/XTSpot/Entity/ResponseMessageRest.cs
ResponseCandle	Market/Servers/XT/XTSpot/Entity/ResponseMessageRest.cs
ResponsePlaceOrder	Market/Servers/XT/XTSpot/Entity/ResponseMessageRest.cs
ResponseAsset	Market/Servers/XT/XTSpot/Entity/ResponseMessageRest.cs
ResponseAssets	Market/Servers/XT/XTSpot/Entity/ResponseMessageRest.cs
ResponseSymbol	Market/Servers/XT/XTSpot/Entity/ResponseMessageRest.cs
Filter	Market/Servers/XT/XTSpot/Entity/ResponseMessageRest.cs
ResponseMyTrade	Market/Servers/XT/XTSpot/Entity/ResponseMessageRest.cs
ResponseMyTrades	Market/Servers/XT/XTSpot/Entity/ResponseMessageRest.cs
CancaledOrderResponse	Market/Servers/XT/XTSpot/Entity/ResponseMessageRest.cs
OrderResponse	Market/Servers/XT/XTSpot/Entity/ResponseMessageRest.cs
ResponseWebSocketMessage	Market/Servers/XT/XTSpot/Entity/ResponseWebSocketMessageAction.cs
ResponseWebSocketMessageAction	Market/Servers/XT/XTSpot/Entity/ResponseWebSocketMessageAction.cs
WsTrade	Market/Servers/XT/XTSpot/Entity/ResponseWebSocketMessageAction.cs
ResponseWebSocketDepthIncremental	Market/Servers/XT/XTSpot/Entity/ResponseWebSocketMessageAction.cs
ResponseWebSocketDepth	Market/Servers/XT/XTSpot/Entity/ResponseWebSocketMessageAction.cs
ResponseWebSocketPortfolio	Market/Servers/XT/XTSpot/Entity/ResponseWebSocketMessageAction.cs
ResponseWebSocketOrder	Market/Servers/XT/XTSpot/Entity/ResponseWebSocketMessageAction.cs
ResponseWebSocketMyTrade	Market/Servers/XT/XTSpot/Entity/ResponseWebSocketMessageAction.cs
XTServerSpot	Market/Servers/XT/XTSpot/XTServerSpot.cs
XTServerSpotRealization	Market/Servers/XT/XTSpot/XTServerSpot.cs
XTSpotServerPermission	Market/Servers/XT/XTSpot/XTSpotServerPermission.cs
CandlesResponce	Market/Servers/YahooFinance/Entity/CandlesResponce.cs
Chart	Market/Servers/YahooFinance/Entity/CandlesResponce.cs
Result	Market/Servers/YahooFinance/Entity/CandlesResponce.cs
CurrentTradingPeriod	Market/Servers/YahooFinance/Entity/CandlesResponce.cs
Indicators	Market/Servers/YahooFinance/Entity/CandlesResponce.cs
Meta	Market/Servers/YahooFinance/Entity/CandlesResponce.cs
Post	Market/Servers/YahooFinance/Entity/CandlesResponce.cs
Pre	Market/Servers/YahooFinance/Entity/CandlesResponce.cs
Quote	Market/Servers/YahooFinance/Entity/CandlesResponce.cs
Regular	Market/Servers/YahooFinance/Entity/CandlesResponce.cs
SecurityResponce	Market/Servers/YahooFinance/Entity/SecurityResponce.cs
SecurityResponceItem	Market/Servers/YahooFinance/Entity/SecurityResponce.cs
YahooServer	Market/Servers/YahooFinance/YahooServer.cs
YahooServerRealization	Market/Servers/YahooFinance/YahooServer.cs
YahooServerPermission	Market/Servers/YahooFinance/YahooServerPermission.cs
SupportTableBase	Market/SupportTable/SupportTableBase.cs
SupportConnection	Market/SupportTable/SupportTableBase.cs
SupportServerType	Market/SupportTable/SupportTableBase.cs
SupportTableUi	Market/SupportTable/SupportTableUi.xaml.cs
McpEvent	MCP/Json/McpEvent.cs
McpJsonRpcError	MCP/Json/McpJsonRpcError.cs
McpJsonRpcRequest	MCP/Json/McpJsonRpcRequest.cs
McpJsonRpcResponse	MCP/Json/McpJsonRpcResponse.cs
McpTool	MCP/Json/McpTool.cs
McpAllowedIp	MCP/McpAllowedIp.cs
McpApiUi	MCP/McpApiUi.xaml.cs
McpLogEntry	MCP/McpLogEntry.cs
McpMaster	MCP/McpMaster.cs
SseClient	MCP/McpMaster.cs
StreamableSession	MCP/McpMaster.cs
StreamableStream	MCP/McpMaster.cs
McpPrimeSettings	MCP/McpPrimeSettings.cs
McpSettings	MCP/McpSettings.cs
McpTerminalStatus	MCP/McpTerminalStatus.cs
ComparePositionsApi	MCP/Modules/ComparePositionsApi.cs
EncryptionApi	MCP/Modules/EncryptionApi.cs
IMcpToolProvider	MCP/Modules/IMcpToolProvider.cs
LogsApi	MCP/Modules/LogsApi.cs
McpConfigApi	MCP/Modules/McpConfigApi.cs
McpProtocolApi	MCP/Modules/McpProtocolApi.cs
OptimizerApi	MCP/Modules/OptimizerApi.cs
OsDataApi	MCP/Modules/OsDataApi.cs
SecurityInput	MCP/Modules/OsDataApi.cs
ProxyApi	MCP/Modules/ProxyApi.cs
RobotsApi	MCP/Modules/RobotsApi.cs
JournalBotSetting	MCP/Modules/RobotsApi.cs
PositionSet	MCP/Modules/RobotsApi.cs
ServerInstanceApi	MCP/Modules/ServerInstanceApi.cs
ServerManagementApi	MCP/Modules/ServerManagementApi.cs
SettingsApi	MCP/Modules/SettingsApi.cs
SystemLoadApi	MCP/Modules/SystemLoadApi.cs
TerminalApi	MCP/Modules/TerminalApi.cs
TesterApi	MCP/Modules/TesterApi.cs
WikiDividendsApi	MCP/Modules/WikiDividendsApi.cs
DividendSecurityFile	MCP/Modules/WikiDividendsApi.cs
DividendRecord	MCP/Modules/WikiDividendsApi.cs
WikiIndicatorsApi	MCP/Modules/WikiIndicatorsApi.cs
IndicatorDescriptionCache	MCP/Modules/WikiIndicatorsApi.cs
WikiRobotsApi	MCP/Modules/WikiRobotsApi.cs
WikiSecuritiesApi	MCP/Modules/WikiSecuritiesApi.cs
WikiSecurityFile	MCP/Modules/WikiSecuritiesApi.cs
MappingResult	MCP/Modules/WikiSecuritiesApi.cs
OsCandleConverterUi	OsConverter/OsCandleConverterUi.xaml.cs
OsConverterMaster	OsConverter/OsConverterMaster.cs
OsConverterUi	OsConverter/OsConverterUi.xaml.cs
Benchmark	OsData/Benchmark.cs
BenchmarkSecurity	OsData/Benchmark.cs
DataBinaryReader	OsData/BinaryEntity/DataBinaryReader.cs
DataBinaryWriter	OsData/BinaryEntity/DataBinaryWriter.cs
DealsStream	OsData/BinaryEntity/DealsStream.cs
Leb128	OsData/BinaryEntity/Leb128.cs
StreamType	OsData/BinaryEntity/StreamType.cs
DealFlags	OsData/BinaryEntity/StreamType.cs
ULeb128	OsData/BinaryEntity/ULeb128.cs
DataPrunerUi	OsData/DataPrunerUi.xaml.cs
LqdtDataFakeServer	OsData/LqdtDataFakeServer.cs
FedRates	OsData/LqdtDataFakeServer.cs
Attr	OsData/LqdtDataFakeServer.cs
LqdtDataUi	OsData/LqdtDataUi.xaml.cs
NewSecurityUi	OsData/NewSecurityUi.xaml.cs
OsDataMaster	OsData/OsDataMaster.cs
OsDataMasterPainter	OsData/OsDataMasterPainter.cs
OsDataSet	OsData/OsDataSet.cs
SecurityToLoad	OsData/OsDataSet.cs
DataSetState	OsData/OsDataSet.cs
SecurityTfLoader	OsData/OsDataSet.cs
MarketDepthLoader	OsData/OsDataSet.cs
SettingsToLoadSecurity	OsData/OsDataSet.cs
DataPie	OsData/OsDataSet.cs
SecurityLoadStatus	OsData/OsDataSet.cs
DataPieStatus	OsData/OsDataSet.cs
QuoteChange	OsData/OsDataSet.cs
TradePieStatusInfo	OsData/OsDataSet.cs
CandlePieStatusInfo	OsData/OsDataSet.cs
MarkeDepthPieStatusInfo	OsData/OsDataSet.cs
SetDublicator	OsData/OsDataSet.cs
SetUpdater	OsData/OsDataSet.cs
MarketDepthsLoaderType	OsData/OsDataSet.cs
OsDataSetDetailUi	OsData/OsDataSetDetailUi.xaml.cs
OsDataSetPainter	OsData/OsDataSetPainter.cs
OsDataSetUi	OsData/OsDataSetUi.xaml.cs
OsDataUi	OsData/OsDataUi.xaml.cs
SetDuplicationUi	OsData/SetDuplicationUi.xaml.cs
SetUpdatingUi	OsData/SetUpdatingUi.xaml.cs
AsyncBotFactory	OsOptimizer/OptEntity/AsyncBotFactory.cs
OptimizerBotParametersSimpleUi	OsOptimizer/OptEntity/OptimizerBotParametersSimpleUi.xaml.cs
WalkForwardPeriodsPainter	OsOptimizer/OptEntity/WalkForwardPeriodsPainter.cs
OptimizerExecutor	OsOptimizer/OptimizerExecutor.cs
OptimizerMaster	OsOptimizer/OptimizerMaster.cs
ProgressBarStatus	OsOptimizer/OptimizerMaster.cs
OptimizerFaze	OsOptimizer/OptimizerMaster.cs
OptimizerFazeType	OsOptimizer/OptimizerMaster.cs
TabSimpleEndTimeFrame	OsOptimizer/OptimizerMaster.cs
TabIndexEndTimeFrame	OsOptimizer/OptimizerMaster.cs
NeedToMoveUiTo	OsOptimizer/OptimizerMaster.cs
OptimizerProfitStagesSaveUi	OsOptimizer/OptimizerProfitStagesSaveUi.xaml.cs
OptimizerFazeReport	OsOptimizer/OptimizerReport.cs
OptimizerReport	OsOptimizer/OptimizerReport.cs
OptimizerReportTab	OsOptimizer/OptimizerReport.cs
OptimizerReportCharting	OsOptimizer/OptimizerReportCharting.cs
OptimizerReportUi	OsOptimizer/OptimizerReportUi.xaml.cs
ChartOptimizationResultValue	OsOptimizer/OptimizerReportUi.xaml.cs
OptimizerUi	OsOptimizer/OptimizerUi.xaml.cs
SortBotsType	OsOptimizer/OptimizerUi.xaml.cs
ServerAvailabilityMaster	OsTrader/AvailabilityServer/ServerAvailabilityMaster.cs
IpAdressConnectorService	OsTrader/AvailabilityServer/ServerAvailabilityMaster.cs
ServerAvailabilityUi	OsTrader/AvailabilityServer/ServerAvailabilityUi.xaml.cs
BuyAtStopPositionsViewer	OsTrader/BuyAtStopPositionsViewer.cs
GlobalPositionViewer	OsTrader/GlobalPositionViewer.cs
SortedMode	OsTrader/GlobalPositionViewer.cs
TradeGrid	OsTrader/Grids/TradeGrid.cs
TradeGridPrimeType	OsTrader/Grids/TradeGrid.cs
TradeGridRegime	OsTrader/Grids/TradeGrid.cs
TradeGridLogicEntryRegime	OsTrader/Grids/TradeGrid.cs
OnOffRegime	OsTrader/Grids/TradeGrid.cs
TradeGridValueType	OsTrader/Grids/TradeGrid.cs
TradeGridVolumeType	OsTrader/Grids/TradeGrid.cs
TradeGridAutoStarter	OsTrader/Grids/TradeGridAutoStarter.cs
TradeGridAutoStartRegime	OsTrader/Grids/TradeGridAutoStarter.cs
GridAutoStartShiftFirstPriceRegime	OsTrader/Grids/TradeGridAutoStarter.cs
TradeGridCreator	OsTrader/Grids/TradeGridCreator.cs
TradeGridLine	OsTrader/Grids/TradeGridCreator.cs
TradeGridErrorsReaction	OsTrader/Grids/TradeGridErrorsReaction.cs
TradeGridNonTradePeriods	OsTrader/Grids/TradeGridNonTradePeriods.cs
TradeGridsMaster	OsTrader/Grids/TradeGridsMaster.cs
TradeGridStopAndProfit	OsTrader/Grids/TradeGridStopAndProfit.cs
TradeGridStopBy	OsTrader/Grids/TradeGridStopBy.cs
TradeGridUi	OsTrader/Grids/TradeGridUi.xaml.cs
TrailingUp	OsTrader/Grids/TrailingUp.cs
BlockMaster	OsTrader/Gui/BlockInterface/BlockMaster.cs
RobotsUiLightUnblock	OsTrader/Gui/BlockInterface/RobotsUiLightUnblock.xaml.cs
RobotUiLightBlock	OsTrader/Gui/BlockInterface/RobotUiLightBlock.xaml.cs
BotsMigrationUi	OsTrader/Gui/BotsMigrationUi.xaml.cs
BotTabsPainter	OsTrader/Gui/BotTabsPainter.cs
RobotUi	OsTrader/Gui/RobotUi.xaml.cs
RobotUiLite	OsTrader/Gui/RobotUiLite.xaml.cs
TesterUi	OsTrader/Gui/TesterUi.xaml.cs
TesterUiLite	OsTrader/Gui/TesterUiLite.xaml.cs
HotUpdateManager	OsTrader/HotUpdateManager.cs
MetadataReferenceComparer	OsTrader/HotUpdateManager.cs
HotUpdateResult	OsTrader/HotUpdateManager.cs
HotUpdateResultStatus	OsTrader/HotUpdateManager.cs
ArbitrationIceberg	OsTrader/Iceberg/ArbitrationIceberg.cs
ArbitrationStatus	OsTrader/Iceberg/ArbitrationIceberg.cs
ArbitrationMode	OsTrader/Iceberg/ArbitrationIceberg.cs
ArbitrationLeg	OsTrader/Iceberg/Entity/ArbitrationLeg.cs
ArbitrationLegStatistic	OsTrader/Iceberg/Entity/ArbitrationLeg.cs
ArbitrationStep	OsTrader/Iceberg/Entity/ArbitrationLeg.cs
VolumeType	OsTrader/Iceberg/Entity/ArbitrationLeg.cs
SynteticBondOrderPosition	OsTrader/Iceberg/Entity/ArbitrationLeg.cs
MemoryCleaner	OsTrader/MemoryRH/MemoryCleaner.cs
OsTraderMaster	OsTrader/OsTraderMaster.cs
BotAttribute	OsTrader/Panels/Attributes/BotAttribute.cs
BotTabType	OsTrader/Panels/BotPanel.cs
BotPanel	OsTrader/Panels/BotPanel.cs
ParamGuiSettings	OsTrader/Panels/BotPanel.cs
CustomTabToParametersUi	OsTrader/Panels/BotPanel.cs
ParamDesign	OsTrader/Panels/BotPanel.cs
BotTradeRegime	OsTrader/Panels/BotPanel.cs
ParamDesignType	OsTrader/Panels/BotPanel.cs
BotPanelChartUi	OsTrader/Panels/BotPanelChartUI.xaml.cs
BotTabCluster	OsTrader/Panels/Tab/BotTabCluster.cs
ClusterType	OsTrader/Panels/Tab/BotTabCluster.cs
BotTabClusterUi	OsTrader/Panels/Tab/BotTabClusterUi.xaml.cs
BotTabIndex	OsTrader/Panels/Tab/BotTabIndex.cs
IndexFormulaBuilder	OsTrader/Panels/Tab/BotTabIndex.cs
IndexAutoFormulaBuilderRegime	OsTrader/Panels/Tab/BotTabIndex.cs
IndexMultType	OsTrader/Panels/Tab/BotTabIndex.cs
SecuritySortType	OsTrader/Panels/Tab/BotTabIndex.cs
SecurityInIndex	OsTrader/Panels/Tab/BotTabIndex.cs
ValueSave	OsTrader/Panels/Tab/BotTabIndex.cs
BotTabIndexUi	OsTrader/Panels/Tab/BotTabIndexUi.xaml.cs
BotTabNews	OsTrader/Panels/Tab/BotTabNews.cs
BotTabOptions	OsTrader/Panels/Tab/BotTabOptions.cs
StrikeDataRow	OsTrader/Panels/Tab/BotTabOptions.cs
OptionDataRow	OsTrader/Panels/Tab/BotTabOptions.cs
UnderlyingAssetDataRow	OsTrader/Panels/Tab/BotTabOptions.cs
BlackScholes	OsTrader/Panels/Tab/BotTabOptions.cs
BotTabOptionsUi	OsTrader/Panels/Tab/BotTabOptionsUi.xaml.cs
BotTabPair	OsTrader/Panels/Tab/BotTabPair.cs
PairToTrade	OsTrader/Panels/Tab/BotTabPair.cs
PairTraderVolumeType	OsTrader/Panels/Tab/BotTabPair.cs
PairTraderSlippageType	OsTrader/Panels/Tab/BotTabPair.cs
MainGridPairSortType	OsTrader/Panels/Tab/BotTabPair.cs
PairTraderSecurityTradeRegime	OsTrader/Panels/Tab/BotTabPair.cs
BotTabPairAutoSelectPairsUi	OsTrader/Panels/Tab/BotTabPairAutoSelectPairsUi.xaml.cs
BotTabPairCommonSettingsUi	OsTrader/Panels/Tab/BotTabPairCommonSettingsUi.xaml.cs
BotTabPairUi	OsTrader/Panels/Tab/BotTabPairUi.xaml.cs
BotTabPoligonSecurityAddUi	OsTrader/Panels/Tab/BotTabPoligonSecurityAddUi.xaml.cs
BotTabPolygon	OsTrader/Panels/Tab/BotTabPolygon.cs
PolygonToTrade	OsTrader/Panels/Tab/BotTabPolygon.cs
PolygonPositionStatus	OsTrader/Panels/Tab/BotTabPolygon.cs
CommissionPolygonType	OsTrader/Panels/Tab/BotTabPolygon.cs
DelayPolygonType	OsTrader/Panels/Tab/BotTabPolygon.cs
PolygonActionOnSignalType	OsTrader/Panels/Tab/BotTabPolygon.cs
BotTabPolygonAutoSelectSequenceUi	OsTrader/Panels/Tab/BotTabPolygonAutoSelectSequenceUi.xaml.cs
CurrencyToSequence	OsTrader/Panels/Tab/BotTabPolygonAutoSelectSequenceUi.xaml.cs
PairsToSequence	OsTrader/Panels/Tab/BotTabPolygonAutoSelectSequenceUi.xaml.cs
BotTabPolygonCommonSettingsUi	OsTrader/Panels/Tab/BotTabPolygonCommonSettingsUi.xaml.cs
BotTabPolygonUi	OsTrader/Panels/Tab/BotTabPolygonUi.xaml.cs
BotTabScreener	OsTrader/Panels/Tab/BotTabScreener.cs
IndicatorOnTabs	OsTrader/Panels/Tab/BotTabScreener.cs
BotTabScreenerUi	OsTrader/Panels/Tab/BotTabScreenerUi.xaml.cs
BotTabSimple	OsTrader/Panels/Tab/BotTabSimple.cs
PositionToSecondLoopSender	OsTrader/Panels/Tab/BotTabSimple.cs
PositionAwaitMyTradesToSendEvent	OsTrader/Panels/Tab/BotTabSimple.cs
IIBotTab	OsTrader/Panels/Tab/IIBotTab.cs
BotManualControl	OsTrader/Panels/Tab/Internal/BotManualControl.cs
ManualControlValuesType	OsTrader/Panels/Tab/Internal/BotManualControl.cs
BotManualControlUi	OsTrader/Panels/Tab/Internal/BotManualControlUi.xaml.cs
IcebergMaker	OsTrader/Panels/Tab/Internal/IcebergMaker.cs
Iceberg	OsTrader/Panels/Tab/Internal/IcebergMaker.cs
IcebergType	OsTrader/Panels/Tab/Internal/IcebergMaker.cs
PositionAddingUi2	OsTrader/Panels/Tab/Internal/PositionAddingUi2.xaml.cs
AddPositionType	OsTrader/Panels/Tab/Internal/PositionAddingUi2.xaml.cs
PositionCloseUi2	OsTrader/Panels/Tab/Internal/PositionCloseUi2.xaml.cs
ClosePositionType	OsTrader/Panels/Tab/Internal/PositionCloseUi2.xaml.cs
PositionCreator	OsTrader/Panels/Tab/Internal/PositionCreator.cs
PositionOpenUi2	OsTrader/Panels/Tab/Internal/PositionOpenUi2.xaml.cs
OptionPnlChartUi	OsTrader/Panels/Tab/OptionPnlChartUi.cs
StrategyPnlChartUi	OsTrader/Panels/Tab/StrategyPnlChartUi.cs
RiskManager	OsTrader/RiskManager/RiskManager.cs
RiskManagerReactionType	OsTrader/RiskManager/RiskManager.cs
RiskManagerUi	OsTrader/RiskManager/RiskManagerUi.xaml.cs
SystemAnalyzeUi	OsTrader/SystemAnalyze/SystemAnalizeUi.xaml.cs
SystemUsageAnalyzeMaster	OsTrader/SystemAnalyze/SystemAnalyzeMaster.cs
RamMemoryUsageAnalyze	OsTrader/SystemAnalyze/SystemAnalyzeMaster.cs
CpuUsageAnalyze	OsTrader/SystemAnalyze/SystemAnalyzeMaster.cs
EcqUsageAnalyze	OsTrader/SystemAnalyze/SystemAnalyzeMaster.cs
MoqUsageAnalyze	OsTrader/SystemAnalyze/SystemAnalyzeMaster.cs
SystemUsagePointRam	OsTrader/SystemAnalyze/SystemAnalyzeMaster.cs
SystemUsagePointCpu	OsTrader/SystemAnalyze/SystemAnalyzeMaster.cs
SystemUsagePointEcq	OsTrader/SystemAnalyze/SystemAnalyzeMaster.cs
SystemUsagePointMoq	OsTrader/SystemAnalyze/SystemAnalyzeMaster.cs
SavePointPeriod	OsTrader/SystemAnalyze/SystemAnalyzeMaster.cs
PrimeSettingsMaster	PrimeSettings/PrimeSettingsMaster.cs
MemoryCleanerRegime	PrimeSettings/PrimeSettingsMaster.cs
PrimeSettingsMasterUi	PrimeSettings/PrimeSettingsMasterUi.xaml.cs
Resources	Properties/Resources.Designer.cs
Settings	Properties/Settings.Designer.cs
AlgoStart1LinearRegression	Robots/AlgoStart/AlgoStart1LinearRegression.cs
AlgoStart2Soldiers	Robots/AlgoStart/AlgoStart2Soldiers.cs
SecuritiesTradeSettings	Robots/AlgoStart/AlgoStart2Soldiers.cs
AlgoStart3PriceChannel	Robots/AlgoStart/AlgoStart3PriceChannel.cs
AlgoStart4Railway	Robots/AlgoStart/AlgoStart4Railway.cs
SecurityRatingData	Robots/AlgoStart/AlgoStart4Railway.cs
WServerTester	Robots/AutoTestBots/ServerTests/AServerTester.cs
ServerTestType	Robots/AutoTestBots/ServerTests/AServerTester.cs
AServerTester	Robots/AutoTestBots/ServerTests/AServerTester.cs
BotTabSimple_1_OpenStopLimit	Robots/AutoTestBots/ServerTests/BotTabSimple_1_OpenStopLimit.cs
BotTabSimple_2_OpenStopMarket	Robots/AutoTestBots/ServerTests/BotTabSimple_2_OpenStopMarket.cs
BotTabSimple_3_CloseAtStop	Robots/AutoTestBots/ServerTests/BotTabSimple_3_CloseAtStop.cs
BotTabSimple_4_ToPosition	Robots/AutoTestBots/ServerTests/BotTabSimple_4_ToPosition.cs
BotTabSimple_5_Cancel	Robots/AutoTestBots/ServerTests/BotTabSimple_5_Cancel.cs
BotTabSimple_6_AutoRestCancel	Robots/AutoTestBots/ServerTests/BotTabSimple_6_AutoRestCancel.cs
Conn_1_Status	Robots/AutoTestBots/ServerTests/Conn_1_Status.cs
Conn_2_SubscrAllSec	Robots/AutoTestBots/ServerTests/Conn_2_SubscrAllSec.cs
Conn_3_Stress_Memory	Robots/AutoTestBots/ServerTests/Conn_3_Stress_Memory.cs
Conn_4_Validation_Candles	Robots/AutoTestBots/ServerTests/Conn_4_Validation_Candles.cs
Conn_5_Screener	Robots/AutoTestBots/ServerTests/Conn_5_Screener.cs
AwaitableSecurities	Robots/AutoTestBots/ServerTests/Conn_5_Screener.cs
Data_1_Integrity	Robots/AutoTestBots/ServerTests/Data_1_Integrity.cs
Data_2_Validation_Candles	Robots/AutoTestBots/ServerTests/Data_2_Validation_Candles.cs
Data_3_Validation_Trades	Robots/AutoTestBots/ServerTests/Data_3_Validation_Trades.cs
Data_4_Stress_Candles	Robots/AutoTestBots/ServerTests/Data_4_Stress_Candles.cs
Data_5_Stress_Trades	Robots/AutoTestBots/ServerTests/Data_5_Stress_Trades.cs
Orders_10_RequestLostDoneOrder	Robots/AutoTestBots/ServerTests/Orders_10_RequestLostDoneOrder.cs
Orders_11_RequestLostMyTrades	Robots/AutoTestBots/ServerTests/Orders_11_RequestLostMyTrades.cs
Orders_12_RequestOrdersList	Robots/AutoTestBots/ServerTests/Orders_12_RequestOrdersList.cs
Orders_13_StopOrders	Robots/AutoTestBots/ServerTests/Orders_13_StopOrders.cs
Orders_14_StopLimitPlaceCancel	Robots/AutoTestBots/ServerTests/Orders_14_StopLimitPlaceCancel.cs
Orders_15_StopLimitRequestOnReconnect	Robots/AutoTestBots/ServerTests/Orders_15_StopLimitRequestOnReconnect.cs
Orders_16_StopTriggerOnReconnect	Robots/AutoTestBots/ServerTests/Orders_16_StopTriggerOnReconnect.cs
Orders_1_FakeOrders	Robots/AutoTestBots/ServerTests/Orders_1_FakeOrders.cs
Orders_2_LimitsExecute	Robots/AutoTestBots/ServerTests/Orders_2_LimitsExecute.cs
Orders_3_MarketOrders	Robots/AutoTestBots/ServerTests/Orders_3_MarketOrders.cs
Orders_4_LimitCancel	Robots/AutoTestBots/ServerTests/Orders_4_LimitCancel.cs
Orders_5_ChangePrice	Robots/AutoTestBots/ServerTests/Orders_5_ChangePrice.cs
Orders_6_ChangePriceError	Robots/AutoTestBots/ServerTests/Orders_6_ChangePriceError.cs
Orders_7_Add_Move_Cancel_Spam	Robots/AutoTestBots/ServerTests/Orders_7_Add_Move_Cancel_Spam.cs
Orders_8_RequestOnReconnect	Robots/AutoTestBots/ServerTests/Orders_8_RequestOnReconnect.cs
Orders_9_RequestLostActivOrder	Robots/AutoTestBots/ServerTests/Orders_9_RequestLostActivOrder.cs
Portfolio_1_Validation	Robots/AutoTestBots/ServerTests/Portfolio_1_Validation.cs
Var_1_Securities	Robots/AutoTestBots/ServerTests/Var_1_Securities.cs
Var_2_MarketDepth	Robots/AutoTestBots/ServerTests/Var_2_MarketDepth.cs
Var_3_Trades	Robots/AutoTestBots/ServerTests/Var_3_Trades.cs
WServerTesterDescriptionUi	Robots/AutoTestBots/ServerTests/WServerTesterDescriptionUi.xaml.cs
TestBotCandlesComparison	Robots/AutoTestBots/TestBotCandlesComparison.cs
TestBotConnection	Robots/AutoTestBots/TestBotConnection.cs
LabelRAM	Robots/AutoTestBots/TestBotConnection.cs
TestBotConnectionParams	Robots/AutoTestBots/TestBotConnectionParams.xaml.cs
TestBotOpenAndCanselOrders	Robots/AutoTestBots/TestBotOpenAndCanselOrders.cs
TestBotOption	Robots/AutoTestBots/TestBotOption.cs
TestBotTradesInCandlesTest	Robots/AutoTestBots/TestBotTradesInCandlesTest.cs
BotCreateUi2	Robots/BotCreateUi2.xaml.cs
BotDescription	Robots/BotCreateUi2.xaml.cs
BotCreationType	Robots/BotCreateUi2.xaml.cs
BotFactory	Robots/BotFactory.cs
MetadataReferenceComparer	Robots/BotFactory.cs
OptimizerLoadArgs	Robots/BotFactory.cs
Lesson1HelloWorld	Robots/BotsFromStartLessons/Lesson1HelloWorld.cs
Lesson2Bot1	Robots/BotsFromStartLessons/Lesson2Bot1.cs
Lesson2Bot2	Robots/BotsFromStartLessons/Lesson2Bot2.cs
Lesson3Bot1	Robots/BotsFromStartLessons/Lesson3Bot1.cs
Lesson3Bot2	Robots/BotsFromStartLessons/Lesson3Bot2.cs
Lesson3Bot3	Robots/BotsFromStartLessons/Lesson3Bot3.cs
Lesson4Bot1	Robots/BotsFromStartLessons/Lesson4Bot1.cs
Lesson5Bot1	Robots/BotsFromStartLessons/Lesson5Bot1.cs
Lesson5Bot2	Robots/BotsFromStartLessons/Lesson5Bot2.cs
Lesson6Bot1	Robots/BotsFromStartLessons/Lesson6Bot1.cs
Lesson7Bot1	Robots/BotsFromStartLessons/Lesson7Bot1.cs
Lesson8Bot1	Robots/BotsFromStartLessons/Lesson8Bot1.cs
Lesson8Bot2	Robots/BotsFromStartLessons/Lesson8Bot2.cs
Lesson9Bot1	Robots/BotsFromStartLessons/Lesson9Bot1.cs
Lesson9Bot2	Robots/BotsFromStartLessons/Lesson9Bot2.cs
Lesson9Bot3	Robots/BotsFromStartLessons/Lesson9Bot3.cs
Lesson9Bot4	Robots/BotsFromStartLessons/Lesson9Bot4.cs
Lesson9Bot5	Robots/BotsFromStartLessons/Lesson9Bot5.cs
ClusterCountertrend	Robots/CounterTrend/ClusterCountertrend.cs
RsiContrtrend	Robots/CounterTrend/RsiContrtrend.cs
RsiContrtrendUi	Robots/CounterTrend/RsiContrtrendUi.xaml.cs
StrategyBollinger	Robots/CounterTrend/StrategyBollinger.cs
StrategyBollingerUi	Robots/CounterTrend/StrategyBollingerUi.xaml.cs
WilliamsRangeTrade	Robots/CounterTrend/WilliamsRangeTrade.cs
WilliamsRangeTradeUi	Robots/CounterTrend/WilliamsRangeTradeUi.xaml.cs
CurrencyArbitrageClassic	Robots/CurrencyArbitrage/CurrencyArbitrageClassic.cs
CurrencyMoveExplorer	Robots/CurrencyArbitrage/CurrencyMoveExplorer.cs
DividendCaptureScreener	Robots/Dividends/DividendCaptureScreener.cs
KeltnerDividendScreener	Robots/Dividends/KeltnerDividendScreener.cs
ShortBadDividends	Robots/Dividends/ShortBadDividends.cs
CandleEngine	Robots/Engines/CandleEngine.cs
ClusterEngine	Robots/Engines/ClusterEngine.cs
EnginePair	Robots/Engines/EnginePair.cs
NewsEngine	Robots/Engines/NewsEngine.cs
OptionsEngine	Robots/Engines/OptionsEngine.cs
PolygonalEngine	Robots/Engines/PolygonalEngine.cs
ScreenerEngine	Robots/Engines/ScreenerEngine.cs
ArbitrageFunding	Robots/Funding/ArbitrageFunding.cs
TakeFunding	Robots/Funding/TakeFunding.cs
TestBotFunding	Robots/Funding/TestBotFunding.cs
FuturesScreenerLrAdaPc	Robots/FuturesScreeners/FuturesScreenerLrAdaPc.cs
FuturesScreenerLrSma	Robots/FuturesScreeners/FuturesScreenerLrSma.cs
FuturesStart1Bollinger	Robots/FuturesStart/FuturesStart1Bollinger.cs
ContangoValue	Robots/FuturesStart/FuturesStart1Bollinger.cs
LastTradeTimeValue	Robots/FuturesStart/FuturesStart1Bollinger.cs
FuturesStart2Keltner	Robots/FuturesStart/FuturesStart2Keltner.cs
FuturesTrendBollinger	Robots/FuturesTrend/FuturesTrendBollinger.cs
FuturesTrendPriceChannel	Robots/FuturesTrend/FuturesTrendPriceChannel.cs
GridBollinger	Robots/Grids/GridBollinger.cs
GridBollingerScreener	Robots/Grids/GridBollingerScreener.cs
GridLinearRegression	Robots/Grids/GridLinearRegression.cs
GridPair	Robots/Grids/GridPair.cs
GridScreenerAdaptiveSoldiers	Robots/Grids/GridScreenerAdaptiveSoldiers.cs
SecuritiesTradeSettings	Robots/Grids/GridScreenerAdaptiveSoldiers.cs
GridTwoSides	Robots/Grids/GridTwoSides.cs
GridTwoSignals	Robots/Grids/GridTwoSignals.cs
GridVolumeBollingerRankingScreener	Robots/Grids/GridVolumeBollingerRankingScreener.cs
BollingerRankingValue	Robots/Grids/GridVolumeBollingerRankingScreener.cs
VolumeRankingValue	Robots/Grids/GridVolumeBollingerRankingScreener.cs
DcaTimeBot	Robots/Helpers/DcaTimeBot.cs
LiquidityAnalyzer	Robots/Helpers/LiquidityAnalyzer.cs
SpreadValues	Robots/Helpers/LiquidityAnalyzer.cs
PayOfMarginBot	Robots/Helpers/PayOfMarginBot.cs
ListTablePeriods	Robots/Helpers/PayOfMarginBot.cs
EditRatesWindow	Robots/Helpers/PayOfMarginBot.cs
TaxPayer	Robots/Helpers/TaxPayer.cs
TmonRebalancer	Robots/Helpers/TMONRebalancer.cs
Fisher	Robots/High Frequency/Fisher.cs
HighFrequencyTrader	Robots/High Frequency/HighFrequencyTrader.cs
MarketDepthScreener	Robots/High Frequency/MarketDepthScreener.cs
IndexArbitrageClassic	Robots/IndexArbitrage/IndexArbitrageClassic.cs
MultiExchangePairArbitrageOnTheIndex	Robots/IndexArbitrage/MultiExchangePairArbitrageOnTheIndex.cs
OpenPosByTab	Robots/IndexArbitrage/MultiExchangePairArbitrageOnTheIndex.cs
MultiOneLegArbitrageInTrend	Robots/IndexArbitrage/MultiOneLegArbitrageInTrend.cs
MultiOneLegArbitrageMeanReversion	Robots/IndexArbitrage/MultiOneLegArbitrageMeanReversion.cs
MarketMakerBot	Robots/MarketMaker/MarketMakerBot.cs
MarketMakerBotUi	Robots/MarketMaker/MarketMakerBotUi.xaml.cs
PairTraderSimple	Robots/MarketMaker/PairTraderSimple.cs
PairDealStausSaver	Robots/MarketMaker/PairTraderSimple.cs
PairTraderSimpleUi	Robots/MarketMaker/PairTraderSimpleUi.xaml.cs
PairTraderSpreadSma	Robots/MarketMaker/PairTraderSpreadSma.cs
PairTraderSpreadSmaUi	Robots/MarketMaker/PairTraderSpreadSmaUi.xaml.cs
TwoLegArbitrage	Robots/MarketMaker/TwoLegArbitrage.cs
MonitorHighLow	Robots/Monitors/MonitorHighLow.cs
MonitorImpulse	Robots/Monitors/MonitorImpulse.cs
MoveData	Robots/Monitors/MonitorImpulse.cs
SignalData	Robots/Monitors/MonitorImpulse.cs
MonitorRsi	Robots/Monitors/MonitorRsi.cs
MonitorVolume	Robots/Monitors/MonitorVolume.cs
VolumesRanking	Robots/Monitors/MonitorVolume.cs
VolumeRankingValue	Robots/Monitors/MonitorVolume.cs
NewsAIBot	Robots/NewsBots/NewsAIBot.cs
ChatRequest	Robots/NewsBots/NewsAIBot.cs
GigaChatRequest	Robots/NewsBots/NewsAIBot.cs
GPTunnelRequest	Robots/NewsBots/NewsAIBot.cs
Message	Robots/NewsBots/NewsAIBot.cs
ChatResponse	Robots/NewsBots/NewsAIBot.cs
Choice	Robots/NewsBots/NewsAIBot.cs
GigaChatTokenResponse	Robots/NewsBots/NewsAIBot.cs
Usage	Robots/NewsBots/NewsAIBot.cs
TelegramCryptoXBot	Robots/NewsBots/TelegramCryptoXBot.cs
TradeSignal	Robots/NewsBots/TelegramCryptoXBot.cs
BbPowerTrade	Robots/OnScriptIndicators/BbPowerTrade.cs
BollingerRevers	Robots/OnScriptIndicators/BollingerRevers.cs
BollingerTrailing	Robots/OnScriptIndicators/BollingerTrailing.cs
CciTrade	Robots/OnScriptIndicators/CciTrade.cs
FundBalanceDivergenceBot	Robots/OnScriptIndicators/FundBalanceDivergenceBot.cs
MacdRevers	Robots/OnScriptIndicators/MacdRevers.cs
MacdTrail	Robots/OnScriptIndicators/MacdTrail.cs
OneLegArbitrage	Robots/OnScriptIndicators/OneLegArbitrage.cs
PairRsiTrade	Robots/OnScriptIndicators/PairRsiTrade.cs
PriceChannelBreak	Robots/OnScriptIndicators/PriceChannelBreak.cs
PriceChannelVolatility	Robots/OnScriptIndicators/PriceChannelVolatility.cs
RsiTrade	Robots/OnScriptIndicators/RsiTrade.cs
RviTrade	Robots/OnScriptIndicators/RviTrade.cs
SmaTrendSample	Robots/OnScriptIndicators/SmaTrendSample.cs
TimeOfDayBot	Robots/OnScriptIndicators/TimeOfDayBot.cs
OptionsSpread	Robots/Options/OptionsSpread.cs
PairCointegrationSideTrader	Robots/PairArbitrage/PairCointegrationSideTrader.cs
PairCorrelationNegative	Robots/PairArbitrage/PairCorrelationNegative.cs
PairCorrelationTrader	Robots/PairArbitrage/PairCorrelationTrader.cs
CandlePatternBoost	Robots/Patterns/CandlePatternBoost.cs
CustomCandlesImpulseTrader	Robots/Patterns/CustomCandlesImpulseTrader.cs
PinBarTrade	Robots/Patterns/PinBarTrade.cs
PivotPointsRobot	Robots/Patterns/PivotPointsRobot.cs
PivotPointsRobotUi	Robots/Patterns/PivotPointsRobotUi.xaml.cs
ThreeSoldier	Robots/Patterns/ThreeSoldier.cs
ThreeSoldierVolatilityAdaptive	Robots/Patterns/ThreeSoldierVolatilityAdaptive.cs
VolatilityAdaptiveCandlesTrader	Robots/Patterns/VolatilityAdaptiveCandlesTrader.cs
AlligatorTrendAverage	Robots/PositionsMicromanagement/AlligatorTrendAverage.cs
CandlesTurnaroundPattern	Robots/PositionsMicromanagement/CandlesTurnaroundPattern.cs
CustomIcebergSample	Robots/PositionsMicromanagement/CustomIcebergSample.cs
IcebergMaker	Robots/PositionsMicromanagement/CustomIcebergSample.cs
EnvelopsCountertrend	Robots/PositionsMicromanagement/EnvelopsCountertrend.cs
PriceChannelCounterTrend	Robots/PositionsMicromanagement/PriceChannelCounterTrend.cs
TwoEntrySample	Robots/PositionsMicromanagement/TwoEntrySample.cs
UnsafeAveragePosition	Robots/PositionsMicromanagement/UnsafeAveragePosition.cs
UnsafeLimitsClosingSample	Robots/PositionsMicromanagement/UnsafeLimitsClosingSample.cs
RebalancerByDividendQuality	Robots/Rebalancers/RebalancerByDividendQuality.cs
CandidateInfo	Robots/Rebalancers/RebalancerByDividendQuality.cs
RebalancerByMomentum	Robots/Rebalancers/RebalancerByMomentum.cs
StockCandidate	Robots/Rebalancers/RebalancerByMomentum.cs
RebalancerPositionPackage	Robots/Rebalancers/RebalancerByMomentum.cs
RebalancerClassicDividend	Robots/Rebalancers/RebalancerClassicDividend.cs
CandidateInfo	Robots/Rebalancers/RebalancerClassicDividend.cs
BollingerMomentumScreener	Robots/Screeners/BollingerMomentumScreener.cs
LinearRegressionFastScreener	Robots/Screeners/LinearRegressionFastScreener.cs
PinBarScreener	Robots/Screeners/PinBarScreener.cs
PinBarVolatilityScreener	Robots/Screeners/PinBarVolatilityScreener.cs
SecuritiesVolatilitySettings	Robots/Screeners/PinBarVolatilityScreener.cs
PlateDetectorScreener	Robots/Screeners/PlateDetectorScreener.cs
PriceChannelAdaptiveRsiScreener	Robots/Screeners/PriceChannelAdaptiveRsiScreener.cs
PumpDetectorScreener	Robots/Screeners/PumpDetectorScreener.cs
CheckMoveTime	Robots/Screeners/PumpDetectorScreener.cs
SmaScreener	Robots/Screeners/SmaScreener.cs
ThreeSoldierAdaptiveScreener	Robots/Screeners/ThreeSoldierAdaptiveScreener.cs
SecuritiesTradeSettings	Robots/Screeners/ThreeSoldierAdaptiveScreener.cs
SectorsSetAlligatorTurtle	Robots/Sectors/SectorsSetAlligatorTurtle.cs
SectorDataAlligator	Robots/Sectors/SectorsSetAlligatorTurtle.cs
SectorsSetBollingerMomentum	Robots/Sectors/SectorsSetBollingerMomentum.cs
SectorData	Robots/Sectors/SectorsSetBollingerMomentum.cs
SpeculantSetAtrKeltner	Robots/SpeculantSet/SpeculantSetAtrKeltner.cs
SpeculantSetMomentumAdaPc	Robots/SpeculantSet/SpeculantSetMomentumAdaPc.cs
SyntheticBondsArbitrage	Robots/SyntheticBond/SyntheticBondsArbitrage.cs
SyntheticBondsCurveArbitrage	Robots/SyntheticBond/SyntheticBondsCurveArbitrage.cs
SyntheticBondsCurveMonitor	Robots/SyntheticBond/SyntheticBondsCurveMonitor.cs
BondMonitorRow	Robots/SyntheticBond/SyntheticBondsCurveMonitor.cs
SeriesInfo	Robots/SyntheticBond/SyntheticBondsCurveMonitor.cs
SyntheticBondsCurveMonitorOpenUi	Robots/SyntheticBond/SyntheticBondsCurveMonitorOpenUi.xaml.cs
SyntheticBondsScalper	Robots/SyntheticBond/SyntheticBondsScalper.cs
AllSourcesInOneSample	Robots/TechSamples/AllSourcesInOneSample.cs
BlockIndicatorsOnScreenerSample	Robots/TechSamples/BlockIndicatorsOnScreenerSample.cs
BlockIndicatorsSample	Robots/TechSamples/BlockIndicatorsSample.cs
CandlesLoggingSample	Robots/TechSamples/CandlesLoggingSample.cs
ChangePriceBotExtStopMarket	Robots/TechSamples/ChangePriceBotExtStopMarket.cs
CustomChartInParamWindowSample	Robots/TechSamples/CustomChartInParamWindowSample.cs
CustomDataInIndicatorSample	Robots/TechSamples/CustomDataInIndicatorSample.cs
CustomParamsUseBotSample	Robots/TechSamples/CustomParamsUseBotSample.cs
CustomTableInParamWindowSample	Robots/TechSamples/CustomTableInTheParamWindowSample.cs
TableBotLine	Robots/TechSamples/CustomTableInTheParamWindowSample.cs
ElementsOnChartSampleBot	Robots/TechSamples/ElementsOnChartSampleBot.cs
FakeOutExample	Robots/TechSamples/FakeOutExample.cs
OpenInterestBotSample	Robots/TechSamples/OpenInterestBotSample.cs
ServerStopOrdersSample	Robots/TechSamples/ServerStopOrdersSample.cs
StopByTradeFeedSample	Robots/TechSamples/StopByTradeFeedSample.cs
TradeLineExample	Robots/TechSamples/TradeLineExample.cs
VisualSettingsParametersExample	Robots/TechSamples/VisualSettingsParametersExample.cs
BreakLinearRegressionChannel	Robots/Trend/BreakLinearRegressionChannel.cs
EnvelopTrend	Robots/Trend/EnvelopTrend.cs
MomentumMacd	Robots/Trend/MomentumMacd.cs
ParabolicBollinger	Robots/Trend/ParabolicBollinger.cs
ParabolicPriceChannel	Robots/Trend/ParabolicPriceChannel.cs
ParabolicSarTrade	Robots/Trend/ParabolicSarTrade.cs
PriceChannelTrade	Robots/Trend/PriceChannelTrade.cs
PriceChannelTradeUi	Robots/Trend/PriceChannelTradeUi.xaml.cs
SmaStochastic	Robots/Trend/SmaStochastic.cs
SmaStochasticUi	Robots/Trend/SmaStochasticUi.xaml.cs
StrategyBillWilliams	Robots/Trend/StrategyBillWilliams.cs
TwoTimeFramesBot	Robots/Trend/TwoTimeFramesBot.cs
BollingerTrendVolatilityStagesFilter	Robots/VolatilityStageRotationSamples/BollingerTrendVolatilityStagesFilter.cs
PriceChannelScreenerOnIndexVolatility	Robots/VolatilityStageRotationSamples/PriceChannelScreenerOnIndexVolatility.cs
SecurityRatingDataPc	Robots/VolatilityStageRotationSamples/PriceChannelScreenerOnIndexVolatility.cs
PriceChannelTrendAtrFilter	Robots/VolatilityStageRotationSamples/PriceChannelTrendAtrFilter.cs
ZigZagChannelScreenerRsiFilter	Robots/VolatilityStageRotationSamples/ZigZagChannelScreenerRsiFilter.cs
SecurityRatingData	Robots/VolatilityStageRotationSamples/ZigZagChannelScreenerRsiFilter.cs
ThemeManager	Themes/ThemeManager.cs
ThemeSelectUi	Themes/ThemeSelectUi.xaml.cs
BuildVersion	UpdateModule/BuildVersion.cs
FileState	UpdateModule/FileState.cs
State	UpdateModule/FileState.cs
UpdateModuleUi	UpdateModule/UpdateModuleUi.xaml.cs
LogEntry	UpdateModule/UpdateModuleUi.xaml.cs
UpdaterStatus	UpdateModule/UpdateModuleUi.xaml.cs
SaveVersionsType	UpdateModule/UpdateModuleUi.xaml.cs
UpdateResponse	UpdateModule/UpdateResponse.cs
GithubFileInfo	UpdateModule/UpdateResponse.cs
CommitDisplay	UpdateModule/UpdateResponse.cs
UpdateServerTls	UpdateModule/UpdateServerTls.cs
WikiMaster	Wiki/WikiMaster.cs
WikiDividendHistory	Wiki/WikiMaster.cs
WikiDividendFuture	Wiki/WikiMaster.cs
WikiDividendPast	Wiki/WikiMaster.cs
WikiDividendSearch	Wiki/WikiMaster.cs
WikiDividendRecord	Wiki/WikiMaster.cs
WikiSecurityListResult	Wiki/WikiMaster.cs
WikiSecurityMappingResult	Wiki/WikiMaster.cs
WikiSecurityMappingItem	Wiki/WikiMaster.cs
